-- MySQL dump 10.13  Distrib 5.5.43, for debian-linux-gnu (x86_64)
--
-- Host: localhost    Database: beyond
-- ------------------------------------------------------
-- Server version	5.5.43-0ubuntu0.14.04.1

/*!40101 SET @OLD_CHARACTER_SET_CLIENT=@@CHARACTER_SET_CLIENT */;
/*!40101 SET @OLD_CHARACTER_SET_RESULTS=@@CHARACTER_SET_RESULTS */;
/*!40101 SET @OLD_COLLATION_CONNECTION=@@COLLATION_CONNECTION */;
/*!40101 SET NAMES utf8 */;
/*!40103 SET @OLD_TIME_ZONE=@@TIME_ZONE */;
/*!40103 SET TIME_ZONE='+00:00' */;
/*!40014 SET @OLD_UNIQUE_CHECKS=@@UNIQUE_CHECKS, UNIQUE_CHECKS=0 */;
/*!40014 SET @OLD_FOREIGN_KEY_CHECKS=@@FOREIGN_KEY_CHECKS, FOREIGN_KEY_CHECKS=0 */;
/*!40101 SET @OLD_SQL_MODE=@@SQL_MODE, SQL_MODE='NO_AUTO_VALUE_ON_ZERO' */;
/*!40111 SET @OLD_SQL_NOTES=@@SQL_NOTES, SQL_NOTES=0 */;

--
-- Table structure for table `Est_Anx`
--

DROP TABLE IF EXISTS `Est_Anx`;
/*!40101 SET @saved_cs_client     = @@character_set_client */;
/*!40101 SET character_set_client = utf8 */;
CREATE TABLE `Est_Anx` (
  `id` int(11) NOT NULL AUTO_INCREMENT,
  `Descripcion` text NOT NULL,
  PRIMARY KEY (`id`)
) ENGINE=InnoDB AUTO_INCREMENT=5 DEFAULT CHARSET=latin1;
/*!40101 SET character_set_client = @saved_cs_client */;

--
-- Dumping data for table `Est_Anx`
--

LOCK TABLES `Est_Anx` WRITE;
/*!40000 ALTER TABLE `Est_Anx` DISABLE KEYS */;
INSERT INTO `Est_Anx` VALUES (1,'Deslogueado'),(2,'Libre'),(3,'Timbrando'),(4,'Ocupado');
/*!40000 ALTER TABLE `Est_Anx` ENABLE KEYS */;
UNLOCK TABLES;

--
-- Table structure for table `Est_Llam`
--

DROP TABLE IF EXISTS `Est_Llam`;
/*!40101 SET @saved_cs_client     = @@character_set_client */;
/*!40101 SET character_set_client = utf8 */;
CREATE TABLE `Est_Llam` (
  `id` int(11) NOT NULL AUTO_INCREMENT,
  `Descripcion` text NOT NULL,
  PRIMARY KEY (`id`)
) ENGINE=InnoDB AUTO_INCREMENT=6 DEFAULT CHARSET=latin1;
/*!40101 SET character_set_client = @saved_cs_client */;

--
-- Dumping data for table `Est_Llam`
--

LOCK TABLES `Est_Llam` WRITE;
/*!40000 ALTER TABLE `Est_Llam` DISABLE KEYS */;
INSERT INTO `Est_Llam` VALUES (1,'No Contestada'),(2,'Contestada'),(3,'Ocupado'),(4,'Busy/Congested'),(5,'Cancelada');
/*!40000 ALTER TABLE `Est_Llam` ENABLE KEYS */;
UNLOCK TABLES;

--
-- Table structure for table `M_Anexos`
--

DROP TABLE IF EXISTS `M_Anexos`;
/*!40101 SET @saved_cs_client     = @@character_set_client */;
/*!40101 SET character_set_client = utf8 */;
CREATE TABLE `M_Anexos` (
  `id` int(11) NOT NULL AUTO_INCREMENT,
  `N_Anexo` int(11) DEFAULT NULL,
  `Tipo` int(11) DEFAULT NULL,
  `Fecha-Hora` datetime DEFAULT NULL,
  `Origen` int(11) DEFAULT NULL,
  `Destino` int(11) DEFAULT NULL,
  `Duracion` time DEFAULT NULL,
  `Estado` int(11) DEFAULT NULL,
  `IP_Anexo` varchar(15) DEFAULT NULL,
  `IP_Servidor` int(11) DEFAULT NULL,
  PRIMARY KEY (`id`),
  KEY `Estado` (`Estado`),
  KEY `Tipo` (`Tipo`),
  CONSTRAINT `M_Anexos_ibfk_1` FOREIGN KEY (`Estado`) REFERENCES `Est_Anx` (`id`),
  CONSTRAINT `M_Anexos_ibfk_2` FOREIGN KEY (`Tipo`) REFERENCES `Tipo` (`id`)
) ENGINE=InnoDB AUTO_INCREMENT=5 DEFAULT CHARSET=latin1;
/*!40101 SET character_set_client = @saved_cs_client */;

--
-- Dumping data for table `M_Anexos`
--

LOCK TABLES `M_Anexos` WRITE;
/*!40000 ALTER TABLE `M_Anexos` DISABLE KEYS */;
INSERT INTO `M_Anexos` VALUES (1,123,1,NULL,123,234,NULL,1,NULL,NULL),(2,123,1,NULL,323,NULL,NULL,2,NULL,NULL),(3,256,2,NULL,323,452,NULL,3,NULL,NULL),(4,222,1,NULL,324,555,NULL,4,NULL,NULL);
/*!40000 ALTER TABLE `M_Anexos` ENABLE KEYS */;
UNLOCK TABLES;

--
-- Table structure for table `M_Errores`
--

DROP TABLE IF EXISTS `M_Errores`;
/*!40101 SET @saved_cs_client     = @@character_set_client */;
/*!40101 SET character_set_client = utf8 */;
CREATE TABLE `M_Errores` (
  `id` int(11) NOT NULL AUTO_INCREMENT,
  `Descripcion` text,
  `Fecha-Hora` datetime DEFAULT NULL,
  `Flag` int(11) DEFAULT NULL,
  PRIMARY KEY (`id`)
) ENGINE=InnoDB DEFAULT CHARSET=latin1;
/*!40101 SET character_set_client = @saved_cs_client */;

--
-- Dumping data for table `M_Errores`
--

LOCK TABLES `M_Errores` WRITE;
/*!40000 ALTER TABLE `M_Errores` DISABLE KEYS */;
/*!40000 ALTER TABLE `M_Errores` ENABLE KEYS */;
UNLOCK TABLES;

--
-- Table structure for table `M_Llamadas`
--

DROP TABLE IF EXISTS `M_Llamadas`;
/*!40101 SET @saved_cs_client     = @@character_set_client */;
/*!40101 SET character_set_client = utf8 */;
CREATE TABLE `M_Llamadas` (
  `id` int(11) NOT NULL AUTO_INCREMENT,
  `Estado` int(11) DEFAULT NULL,
  `Tipo` int(11) DEFAULT NULL,
  `IP_Servidor` varchar(15) DEFAULT NULL,
  `DateTime` datetime DEFAULT NULL,
  `Origen` int(11) DEFAULT NULL,
  `Destino` int(11) DEFAULT NULL,
  PRIMARY KEY (`id`),
  KEY `Estado` (`Estado`),
  KEY `Tipo` (`Tipo`),
  CONSTRAINT `M_Llamadas_ibfk_1` FOREIGN KEY (`Estado`) REFERENCES `Est_Llam` (`id`),
  CONSTRAINT `M_Llamadas_ibfk_2` FOREIGN KEY (`Tipo`) REFERENCES `Tipo` (`id`)
) ENGINE=InnoDB AUTO_INCREMENT=11 DEFAULT CHARSET=latin1;
/*!40101 SET character_set_client = @saved_cs_client */;

--
-- Dumping data for table `M_Llamadas`
--

LOCK TABLES `M_Llamadas` WRITE;
/*!40000 ALTER TABLE `M_Llamadas` DISABLE KEYS */;
INSERT INTO `M_Llamadas` VALUES (1,1,2,NULL,NULL,125,452),(2,1,2,NULL,NULL,123,313),(3,2,1,NULL,NULL,123,325),(4,2,1,NULL,NULL,125,325),(5,3,2,NULL,NULL,NULL,NULL),(6,4,1,NULL,NULL,NULL,NULL),(7,4,2,NULL,NULL,NULL,NULL),(8,5,1,NULL,NULL,NULL,NULL),(9,2,1,NULL,NULL,NULL,NULL),(10,2,1,NULL,NULL,NULL,NULL);
/*!40000 ALTER TABLE `M_Llamadas` ENABLE KEYS */;
UNLOCK TABLES;

--
-- Table structure for table `Tipo`
--

DROP TABLE IF EXISTS `Tipo`;
/*!40101 SET @saved_cs_client     = @@character_set_client */;
/*!40101 SET character_set_client = utf8 */;
CREATE TABLE `Tipo` (
  `id` int(11) NOT NULL AUTO_INCREMENT,
  `NameTipo` text NOT NULL,
  PRIMARY KEY (`id`)
) ENGINE=InnoDB AUTO_INCREMENT=3 DEFAULT CHARSET=latin1;
/*!40101 SET character_set_client = @saved_cs_client */;

--
-- Dumping data for table `Tipo`
--

LOCK TABLES `Tipo` WRITE;
/*!40000 ALTER TABLE `Tipo` DISABLE KEYS */;
INSERT INTO `Tipo` VALUES (1,'Entrante'),(2,'Saliente');
/*!40000 ALTER TABLE `Tipo` ENABLE KEYS */;
UNLOCK TABLES;

--
-- Table structure for table `audios`
--

DROP TABLE IF EXISTS `audios`;
/*!40101 SET @saved_cs_client     = @@character_set_client */;
/*!40101 SET character_set_client = utf8 */;
CREATE TABLE `audios` (
  `id` int(100) NOT NULL AUTO_INCREMENT,
  `audio1` varchar(100) DEFAULT NULL,
  `audio2` varchar(100) DEFAULT NULL,
  PRIMARY KEY (`id`)
) ENGINE=InnoDB AUTO_INCREMENT=78 DEFAULT CHARSET=latin1;
/*!40101 SET character_set_client = @saved_cs_client */;

--
-- Dumping data for table `audios`
--

LOCK TABLES `audios` WRITE;
/*!40000 ALTER TABLE `audios` DISABLE KEYS */;
INSERT INTO `audios` VALUES (1,'files/perucall.sql','files/one2one.sql'),(2,'files/one2one_C5ECXFV.sql','files/index.html'),(3,'files/detalle_perucall_1','files/prueba_nueva_plataforma.xlsx'),(4,'files/one2one_hRVgTwx.sql','files/one2one_SDRJGSo.sql'),(5,'files/d_llamadas_1_mjeuS25.xlsx','files/joel_OsFnxNZ_1_0X0Y3di.xlsx'),(6,'files/interfono.sql','files/detalle_perucall_1_HGgGGIT'),(7,'files/detalle_perucall_1_IkEnxEj','files/Modelamiento_PC_Observaciones_2.xlsx'),(8,'files/detalle_perucall_2','files/detalle_perucall_2_0Eo4wjP'),(9,'files/Perucall_modificaciones__5.docx','files/one2one_d2KiKLi.sql'),(10,'files/beyond.sql','files/p.png'),(11,'files/dilootuoficial.psd',''),(12,'files/interfono_bfKc1PR.sql',''),(13,'files/one2one_0txkiis.sql','files/logo.jpg'),(14,'files/p_Lusn3bR.png',''),(15,'files/beyond_f4bAcYX.sql','files/p_7MQBUou.png'),(16,'files/logo_jaNCOgQ.jpg',''),(17,'files/beyond_gS1ZhTC.sql',''),(18,'files/dilootuoficial_ejcSdE6.psd','files/base_h.sql'),(19,'files/detalle_perucall_2_68Zhe5R','files/Perucall_modificaciones__5_OaeWxnD.docx'),(20,'detalle perucall (1)','Perucall modificaciones  (5).docx'),(21,'interfono.sql','one2one.sql'),(22,'p.png',''),(23,'prueba_nueva_plataforma.xlsx',''),(24,'files/dilootuoficial_E10dLsD.psd','files/one2one_gKkVnRD.sql'),(25,'files/dilootuoficial_FA05L7K.psd','files/p_2vUKHxL.png'),(26,'files/Modelamiento_PC_Observaciones_2_9tOWT7K.xlsx',''),(27,'files/Modelamiento_PC_Observaciones_2_433hZTk.xlsx',''),(28,'files/Perucall_modificaciones__5_uhgOp5f.docx',''),(29,'files/Perucall_modificaciones__5_MgqfYSZ.docx',''),(30,'files/prueba_nueva_plataforma_mx3a3K5.xlsx',''),(31,'files/Modelamiento_PC_Observaciones_A3SYr0I.xlsx',''),(32,'files/Modelamiento_PC_Observaciones_2_ZQWD8Nb.xlsx',''),(33,'files/Modelamiento_PC_Observaciones_2_6cWXCQL.xlsx',''),(34,'files/Modelamiento_PC_Observaciones_2_bB26v90.xlsx',''),(35,'files/interfono_Ht58YPd.sql',''),(36,'files/interfono_T4lb1Iq.sql',''),(37,'files/Modelamiento_PC_Observaciones_2_s65IZ1a.xlsx',''),(38,'files/Perucall_modificaciones__5_iUw4nAr.docx',''),(39,'files/Perucall_modificaciones__3.docx',''),(40,'files/index.html.1',''),(41,'files/index_Amf4ipc.html',''),(42,'files/index_eBF9cIQ.html',''),(43,'files/index_LGzGTee.html',''),(44,'files/index_7h1gs12.html',''),(45,'files/index_iiExwto.html',''),(46,'files/interfono_azBQAOo.sql','files/logo_UEkhBqd.jpg'),(47,'files/detalle_perucall_2_2GpcX2k',''),(48,'files/detalle_perucall_2_mI9MtMY',''),(49,'files/detalle_perucall_2_gZXZUua',''),(50,'files/Perucall_modificaciones__5_CUNKjKC.docx',''),(51,'files/detalle_perucall_2_sIDYaF8',''),(52,'files/Modelamiento_PC_Observaciones_2_OFf3fcT.xlsx',''),(53,'files/detalle_perucall_2_F8CZvtQ',''),(54,'files/Modelamiento_PC_Observaciones_2_zAjG9Se.xlsx',''),(55,'audio.mp3',''),(56,'audio.mp3',''),(57,'files/BBVA_2.mp3',''),(58,'files/dilootuoficial_P98Ziwt.psd',''),(59,'files/BBVA_2_xfMNnIV.mp3',''),(60,'files/BBVA_2_01lSea6.mp3',''),(61,'files/BBVA_2_5518MYL.mp3',''),(62,'files/Who_knew_rRXAL5Q.mp3',''),(63,'files/audio.mp3',''),(64,'files/audio_smdhT6j.mp3',''),(65,'files/audio_gLpV3lK.mp3',''),(66,'files/audio_8Mcjlud.mp3',''),(67,'files/audio_QkTymE6.mp3',''),(68,'files/audio_aT7zJM7.mp3',''),(69,'audi.mp3',''),(70,'audi.mp3',''),(71,'bravo1.mp3',''),(72,'BBVA 2.mp3',''),(73,'BBVA 2.mp3',''),(74,'files/audi.mp3',''),(75,'files/audi_L3pJWCB.mp3',''),(76,'files/BBVA_2_2Aonclp.mp3',''),(77,'files/bravo1.mp3','');
/*!40000 ALTER TABLE `audios` ENABLE KEYS */;
UNLOCK TABLES;

--
-- Table structure for table `auth_group`
--

DROP TABLE IF EXISTS `auth_group`;
/*!40101 SET @saved_cs_client     = @@character_set_client */;
/*!40101 SET character_set_client = utf8 */;
CREATE TABLE `auth_group` (
  `id` int(11) NOT NULL AUTO_INCREMENT,
  `name` varchar(80) NOT NULL,
  PRIMARY KEY (`id`),
  UNIQUE KEY `name` (`name`)
) ENGINE=InnoDB DEFAULT CHARSET=latin1;
/*!40101 SET character_set_client = @saved_cs_client */;

--
-- Dumping data for table `auth_group`
--

LOCK TABLES `auth_group` WRITE;
/*!40000 ALTER TABLE `auth_group` DISABLE KEYS */;
/*!40000 ALTER TABLE `auth_group` ENABLE KEYS */;
UNLOCK TABLES;

--
-- Table structure for table `auth_group_permissions`
--

DROP TABLE IF EXISTS `auth_group_permissions`;
/*!40101 SET @saved_cs_client     = @@character_set_client */;
/*!40101 SET character_set_client = utf8 */;
CREATE TABLE `auth_group_permissions` (
  `id` int(11) NOT NULL AUTO_INCREMENT,
  `group_id` int(11) NOT NULL,
  `permission_id` int(11) NOT NULL,
  PRIMARY KEY (`id`),
  UNIQUE KEY `group_id` (`group_id`,`permission_id`),
  KEY `auth_group_permissions_0e939a4f` (`group_id`),
  KEY `auth_group_permissions_8373b171` (`permission_id`),
  CONSTRAINT `auth_group_permission_group_id_689710a9a73b7457_fk_auth_group_id` FOREIGN KEY (`group_id`) REFERENCES `auth_group` (`id`),
  CONSTRAINT `auth_group__permission_id_1f49ccbbdc69d2fc_fk_auth_permission_id` FOREIGN KEY (`permission_id`) REFERENCES `auth_permission` (`id`)
) ENGINE=InnoDB DEFAULT CHARSET=latin1;
/*!40101 SET character_set_client = @saved_cs_client */;

--
-- Dumping data for table `auth_group_permissions`
--

LOCK TABLES `auth_group_permissions` WRITE;
/*!40000 ALTER TABLE `auth_group_permissions` DISABLE KEYS */;
/*!40000 ALTER TABLE `auth_group_permissions` ENABLE KEYS */;
UNLOCK TABLES;

--
-- Table structure for table `auth_permission`
--

DROP TABLE IF EXISTS `auth_permission`;
/*!40101 SET @saved_cs_client     = @@character_set_client */;
/*!40101 SET character_set_client = utf8 */;
CREATE TABLE `auth_permission` (
  `id` int(11) NOT NULL AUTO_INCREMENT,
  `name` varchar(50) NOT NULL,
  `content_type_id` int(11) NOT NULL,
  `codename` varchar(100) NOT NULL,
  PRIMARY KEY (`id`),
  UNIQUE KEY `content_type_id` (`content_type_id`,`codename`),
  KEY `auth_permission_417f1b1c` (`content_type_id`),
  CONSTRAINT `auth__content_type_id_508cf46651277a81_fk_django_content_type_id` FOREIGN KEY (`content_type_id`) REFERENCES `django_content_type` (`id`)
) ENGINE=InnoDB AUTO_INCREMENT=19 DEFAULT CHARSET=latin1;
/*!40101 SET character_set_client = @saved_cs_client */;

--
-- Dumping data for table `auth_permission`
--

LOCK TABLES `auth_permission` WRITE;
/*!40000 ALTER TABLE `auth_permission` DISABLE KEYS */;
INSERT INTO `auth_permission` VALUES (1,'Can add log entry',1,'add_logentry'),(2,'Can change log entry',1,'change_logentry'),(3,'Can delete log entry',1,'delete_logentry'),(4,'Can add permission',2,'add_permission'),(5,'Can change permission',2,'change_permission'),(6,'Can delete permission',2,'delete_permission'),(7,'Can add group',3,'add_group'),(8,'Can change group',3,'change_group'),(9,'Can delete group',3,'delete_group'),(10,'Can add user',4,'add_user'),(11,'Can change user',4,'change_user'),(12,'Can delete user',4,'delete_user'),(13,'Can add content type',5,'add_contenttype'),(14,'Can change content type',5,'change_contenttype'),(15,'Can delete content type',5,'delete_contenttype'),(16,'Can add session',6,'add_session'),(17,'Can change session',6,'change_session'),(18,'Can delete session',6,'delete_session');
/*!40000 ALTER TABLE `auth_permission` ENABLE KEYS */;
UNLOCK TABLES;

--
-- Table structure for table `auth_user`
--

DROP TABLE IF EXISTS `auth_user`;
/*!40101 SET @saved_cs_client     = @@character_set_client */;
/*!40101 SET character_set_client = utf8 */;
CREATE TABLE `auth_user` (
  `id` int(11) NOT NULL AUTO_INCREMENT,
  `password` varchar(128) NOT NULL,
  `last_login` datetime NOT NULL,
  `is_superuser` tinyint(1) NOT NULL,
  `username` varchar(30) NOT NULL,
  `first_name` varchar(30) NOT NULL,
  `last_name` varchar(30) NOT NULL,
  `email` varchar(75) NOT NULL,
  `is_staff` tinyint(1) NOT NULL,
  `is_active` tinyint(1) NOT NULL,
  `date_joined` datetime NOT NULL,
  `databases` int(100) NOT NULL DEFAULT '1',
  PRIMARY KEY (`id`),
  UNIQUE KEY `username` (`username`),
  KEY `database` (`databases`),
  CONSTRAINT `auth_user_ibfk_1` FOREIGN KEY (`databases`) REFERENCES `databases` (`id`)
) ENGINE=InnoDB AUTO_INCREMENT=5 DEFAULT CHARSET=latin1;
/*!40101 SET character_set_client = @saved_cs_client */;

--
-- Dumping data for table `auth_user`
--

LOCK TABLES `auth_user` WRITE;
/*!40000 ALTER TABLE `auth_user` DISABLE KEYS */;
INSERT INTO `auth_user` VALUES (1,'pbkdf2_sha256$15000$HHNOdhGYCpdI$8DKVM/YyIJjaiQJoWHzZ8DAbEfO1/+mVQ4Tcp/hkhOM=','2015-12-24 15:15:50',1,'xiencias','Xiencias SAC','','',1,1,'2015-11-16 18:13:03',2),(3,'pbkdf2_sha256$15000$omRvqloWon6P$odR7G6iUfh1ZZqHiBnoIq9I90rv5Ws+mPAJj9IicLzE=','2015-12-24 16:00:41',0,'tecnolink','Tecnolink','','',0,1,'2015-11-16 20:06:13',1),(4,'pbkdf2_sha256$15000$DMW9CY26ooth$/BT4HrWxmWIC/g7n2GaXSeIKJskmQmNMpf84wpkvHwM=','2015-12-24 14:44:42',0,'tecnolink1','Tecnolink','','',0,1,'2015-12-24 14:35:55',3);
/*!40000 ALTER TABLE `auth_user` ENABLE KEYS */;
UNLOCK TABLES;

--
-- Table structure for table `auth_user_groups`
--

DROP TABLE IF EXISTS `auth_user_groups`;
/*!40101 SET @saved_cs_client     = @@character_set_client */;
/*!40101 SET character_set_client = utf8 */;
CREATE TABLE `auth_user_groups` (
  `id` int(11) NOT NULL AUTO_INCREMENT,
  `user_id` int(11) NOT NULL,
  `group_id` int(11) NOT NULL,
  PRIMARY KEY (`id`),
  UNIQUE KEY `user_id` (`user_id`,`group_id`),
  KEY `auth_user_groups_e8701ad4` (`user_id`),
  KEY `auth_user_groups_0e939a4f` (`group_id`),
  CONSTRAINT `auth_user_groups_group_id_33ac548dcf5f8e37_fk_auth_group_id` FOREIGN KEY (`group_id`) REFERENCES `auth_group` (`id`),
  CONSTRAINT `auth_user_groups_user_id_4b5ed4ffdb8fd9b0_fk_auth_user_id` FOREIGN KEY (`user_id`) REFERENCES `auth_user` (`id`)
) ENGINE=InnoDB DEFAULT CHARSET=latin1;
/*!40101 SET character_set_client = @saved_cs_client */;

--
-- Dumping data for table `auth_user_groups`
--

LOCK TABLES `auth_user_groups` WRITE;
/*!40000 ALTER TABLE `auth_user_groups` DISABLE KEYS */;
/*!40000 ALTER TABLE `auth_user_groups` ENABLE KEYS */;
UNLOCK TABLES;

--
-- Table structure for table `auth_user_user_permissions`
--

DROP TABLE IF EXISTS `auth_user_user_permissions`;
/*!40101 SET @saved_cs_client     = @@character_set_client */;
/*!40101 SET character_set_client = utf8 */;
CREATE TABLE `auth_user_user_permissions` (
  `id` int(11) NOT NULL AUTO_INCREMENT,
  `user_id` int(11) NOT NULL,
  `permission_id` int(11) NOT NULL,
  PRIMARY KEY (`id`),
  UNIQUE KEY `user_id` (`user_id`,`permission_id`),
  KEY `auth_user_user_permissions_e8701ad4` (`user_id`),
  KEY `auth_user_user_permissions_8373b171` (`permission_id`),
  CONSTRAINT `auth_user_user_permissi_user_id_7f0938558328534a_fk_auth_user_id` FOREIGN KEY (`user_id`) REFERENCES `auth_user` (`id`),
  CONSTRAINT `auth_user_u_permission_id_384b62483d7071f0_fk_auth_permission_id` FOREIGN KEY (`permission_id`) REFERENCES `auth_permission` (`id`)
) ENGINE=InnoDB DEFAULT CHARSET=latin1;
/*!40101 SET character_set_client = @saved_cs_client */;

--
-- Dumping data for table `auth_user_user_permissions`
--

LOCK TABLES `auth_user_user_permissions` WRITE;
/*!40000 ALTER TABLE `auth_user_user_permissions` DISABLE KEYS */;
/*!40000 ALTER TABLE `auth_user_user_permissions` ENABLE KEYS */;
UNLOCK TABLES;

--
-- Table structure for table `base`
--

DROP TABLE IF EXISTS `base`;
/*!40101 SET @saved_cs_client     = @@character_set_client */;
/*!40101 SET character_set_client = utf8 */;
CREATE TABLE `base` (
  `id` int(100) NOT NULL AUTO_INCREMENT,
  `name` varchar(100) NOT NULL,
  `telefono` varchar(100) NOT NULL,
  `lote` int(11) NOT NULL,
  PRIMARY KEY (`id`),
  KEY `lote` (`lote`),
  CONSTRAINT `base_ibfk_1` FOREIGN KEY (`lote`) REFERENCES `lote` (`id`)
) ENGINE=InnoDB AUTO_INCREMENT=2 DEFAULT CHARSET=latin1;
/*!40101 SET character_set_client = @saved_cs_client */;

--
-- Dumping data for table `base`
--

LOCK TABLES `base` WRITE;
/*!40000 ALTER TABLE `base` DISABLE KEYS */;
INSERT INTO `base` VALUES (1,'','',1);
/*!40000 ALTER TABLE `base` ENABLE KEYS */;
UNLOCK TABLES;

--
-- Table structure for table `cdr`
--

DROP TABLE IF EXISTS `cdr`;
/*!40101 SET @saved_cs_client     = @@character_set_client */;
/*!40101 SET character_set_client = utf8 */;
CREATE TABLE `cdr` (
  `id` int(100) NOT NULL AUTO_INCREMENT,
  `calldate` datetime NOT NULL DEFAULT '0000-00-00 00:00:00',
  `clid` varchar(80) NOT NULL DEFAULT '',
  `src` varchar(80) NOT NULL DEFAULT '',
  `dst` varchar(80) NOT NULL DEFAULT '',
  `dcontext` varchar(80) NOT NULL DEFAULT '',
  `channel` varchar(80) NOT NULL DEFAULT '',
  `dstchannel` varchar(80) NOT NULL DEFAULT '',
  `lastapp` varchar(80) NOT NULL DEFAULT '',
  `lastdata` varchar(80) NOT NULL DEFAULT '',
  `duration` int(11) NOT NULL DEFAULT '0',
  `billsec` int(11) NOT NULL DEFAULT '0',
  `disposition` varchar(45) NOT NULL DEFAULT '',
  `amaflags` int(11) NOT NULL DEFAULT '0',
  `accountcode` varchar(20) NOT NULL DEFAULT '',
  `uniqueid` varchar(32) NOT NULL DEFAULT '',
  `userfield` varchar(255) NOT NULL DEFAULT '',
  PRIMARY KEY (`id`),
  KEY `calldate` (`calldate`),
  KEY `dst` (`dst`),
  KEY `dcontext` (`dcontext`),
  KEY `lastapp` (`lastapp`),
  KEY `billsec` (`billsec`),
  KEY `disposition` (`disposition`),
  KEY `accountcode` (`accountcode`)
) ENGINE=MyISAM AUTO_INCREMENT=3 DEFAULT CHARSET=latin1;
/*!40101 SET character_set_client = @saved_cs_client */;

--
-- Dumping data for table `cdr`
--

LOCK TABLES `cdr` WRITE;
/*!40000 ALTER TABLE `cdr` DISABLE KEYS */;
INSERT INTO `cdr` VALUES (1,'2012-07-27 13:28:10','2413421','2413421','7028425','nivel-1','IAX2/Asterisk6-12685','DAHDI/23-1','Dial','DAHDI/r0/2413421|60',2,0,'NO ANSWER',3,'','1343413690.97207','');
/*!40000 ALTER TABLE `cdr` ENABLE KEYS */;
UNLOCK TABLES;

--
-- Table structure for table `d_blaster`
--

DROP TABLE IF EXISTS `d_blaster`;
/*!40101 SET @saved_cs_client     = @@character_set_client */;
/*!40101 SET character_set_client = utf8 */;
CREATE TABLE `d_blaster` (
  `id_d_blaster` int(11) unsigned zerofill NOT NULL AUTO_INCREMENT,
  `cliente` int(45) DEFAULT NULL,
  `UID` varchar(45) COLLATE utf8_spanish2_ci DEFAULT NULL,
  `FH_inicio` datetime DEFAULT NULL,
  `destino` varchar(20) COLLATE utf8_spanish2_ci DEFAULT NULL,
  `audio` varchar(200) COLLATE utf8_spanish2_ci DEFAULT NULL,
  `derivacion` varchar(200) COLLATE utf8_spanish2_ci DEFAULT NULL,
  `lEstado` int(1) DEFAULT '0',
  `respuesta` int(1) DEFAULT '0',
  `dtmf` int(1) DEFAULT NULL,
  `despedida` int(1) DEFAULT NULL,
  `OC7_1` int(2) DEFAULT NULL,
  `OC7_2` int(2) DEFAULT '0',
  `OC7_3` varchar(10) COLLATE utf8_spanish2_ci DEFAULT NULL,
  `tDuracion_ini` datetime DEFAULT NULL,
  `tDuracion_fin` datetime DEFAULT NULL,
  `tDuracion` int(10) DEFAULT '0',
  `lote` varchar(100) COLLATE utf8_spanish2_ci DEFAULT NULL,
  `tipo` int(100) DEFAULT NULL,
  `duracion` int(100) DEFAULT NULL,
  PRIMARY KEY (`id_d_blaster`),
  KEY `FH_inicio` (`FH_inicio`),
  KEY `lEstado` (`lEstado`),
  KEY `UID` (`UID`),
  KEY `OC7_1` (`OC7_1`),
  KEY `OC7_2` (`OC7_2`),
  KEY `OC7_3` (`OC7_3`),
  KEY `lote` (`lote`),
  KEY `cliente` (`cliente`),
  CONSTRAINT `d_blaster_ibfk_2` FOREIGN KEY (`cliente`) REFERENCES `databases` (`id`),
  CONSTRAINT `d_blaster_ibfk_1` FOREIGN KEY (`lEstado`) REFERENCES `estado` (`id`)
) ENGINE=InnoDB AUTO_INCREMENT=2467 DEFAULT CHARSET=utf8 COLLATE=utf8_spanish2_ci ROW_FORMAT=DYNAMIC;
/*!40101 SET character_set_client = @saved_cs_client */;

--
-- Dumping data for table `d_blaster`
--

LOCK TABLES `d_blaster` WRITE;
/*!40000 ALTER TABLE `d_blaster` DISABLE KEYS */;
INSERT INTO `d_blaster` VALUES (00000000943,2,'123056','2015-09-01 00:00:00','980596094','1=audio_JKqCL2V','',1,0,0,0,0,0,'0',NULL,NULL,0,'1',3,0),(00000000944,2,'123057','2015-09-01 00:00:00','987383940','1=audio_JKqCL2V','',1,0,0,0,0,0,'0',NULL,NULL,0,'1',3,0),(00000000945,2,'123058','2015-09-01 00:00:00','983838383','1=audio_JKqCL2V','',1,0,0,0,0,0,'0',NULL,NULL,0,'1',3,0),(00000000946,2,'123059','2015-10-01 00:00:00','980596094','1=audio_JKqCL2V','',1,0,0,0,0,0,'0',NULL,NULL,0,'1',3,0),(00000000947,2,'123060','2015-10-01 00:00:00','987383940','1=audio_JKqCL2V','',1,0,0,0,0,0,'0',NULL,NULL,0,'1',3,0),(00000000948,2,'123061','2015-10-01 00:00:00','983838383','1=audio_JKqCL2V','',1,0,0,0,0,0,'0',NULL,NULL,0,'1',3,0),(00000000949,2,'123062','2015-10-01 00:00:00','980596094','1=audio_JKqCL2V','',1,0,0,0,0,0,'0',NULL,NULL,0,'1',3,0),(00000000950,2,'123063','2015-10-01 00:00:00','987383940','1=audio_JKqCL2V','',1,0,0,0,0,0,'0',NULL,NULL,0,'1',3,0),(00000000951,2,'123064','2015-10-01 00:00:00','983838383','1=audio_JKqCL2V','',1,0,0,0,0,0,'0',NULL,NULL,0,'1',3,0),(00000000952,2,'123065','2015-10-04 00:00:00','980596094','1=audio_JKqCL2V','',1,0,0,0,0,0,'0',NULL,NULL,0,'1',3,0),(00000000953,2,'123066','2015-10-04 00:00:00','987383940','1=audio_JKqCL2V','',1,0,0,0,0,0,'0',NULL,NULL,0,'1',3,0),(00000000954,2,'123067','2015-10-04 00:00:00','983838383','1=audio_JKqCL2V','',1,0,0,0,0,0,'0',NULL,NULL,0,'1',3,0),(00000000955,2,'123068','2015-10-04 00:00:00','980596094','1=audio_JKqCL2V','',1,0,0,0,0,0,'0',NULL,NULL,0,'1',3,0),(00000000956,2,'123069','2015-10-04 00:00:00','987383940','1=audio_JKqCL2V','',1,0,0,0,0,0,'0',NULL,NULL,0,'1',3,0),(00000000957,2,'123070','2015-10-04 00:00:00','983838383','1=audio_JKqCL2V','',1,0,0,0,0,0,'0',NULL,NULL,0,'1',3,0),(00000000958,2,'123071','2015-10-05 00:00:00','980596094','1=audio_JKqCL2V','',1,0,0,0,0,0,'0',NULL,NULL,0,'1',3,0),(00000000959,2,'123072','2015-10-05 00:00:00','987383940','1=audio_JKqCL2V','',1,0,0,0,0,0,'0',NULL,NULL,0,'1',3,0),(00000000960,2,'123073','2015-10-05 00:00:00','983838383','1=audio_JKqCL2V','',1,0,0,0,0,0,'0',NULL,NULL,0,'1',3,0),(00000000961,2,'123076','2015-10-04 00:00:00','980596094','1=audio_JKqCL2V','',1,0,0,0,0,0,'0',NULL,NULL,0,'1',3,0),(00000000962,2,'123077','2015-10-04 00:00:00','987383940','1=audio_JKqCL2V','',1,0,0,0,0,0,'0',NULL,NULL,0,'1',3,0),(00000000963,2,'123078','2015-10-04 00:00:00','983838383','1=audio_JKqCL2V','',1,0,0,0,0,0,'0',NULL,NULL,0,'1',3,0),(00000000964,2,'123079','2015-10-05 00:29:00','980596094','1=audio_JKqCL2V','',1,0,0,0,0,0,'0',NULL,NULL,0,'1',3,0),(00000000965,2,'123080','2015-10-05 00:29:00','987383940','1=audio_JKqCL2V','',1,0,0,0,0,0,'0',NULL,NULL,0,'1',3,0),(00000000966,2,'123081','2015-10-05 00:29:00','983838383','1=audio_JKqCL2V','',1,0,0,0,0,0,'0',NULL,NULL,0,'1',3,0),(00000000967,2,'123082','2015-10-05 00:29:45','980596094','1=audio_JKqCL2V','',1,0,0,0,0,0,'0',NULL,NULL,0,'1',3,0),(00000000968,2,'123083','2015-10-05 00:29:45','987383940','1=audio_JKqCL2V','',1,0,0,0,0,0,'0',NULL,NULL,0,'1',3,0),(00000000969,2,'123084','2015-10-05 00:29:45','983838383','1=audio_JKqCL2V','',1,0,0,0,0,0,'0',NULL,NULL,0,'1',3,0),(00000000970,2,'123085','2015-10-05 14:40:03','980596094','1=audio_JKqCL2V','',1,0,0,0,0,0,'0',NULL,NULL,0,'1',3,0),(00000000971,2,'123086','2015-10-05 14:40:03','987383940','1=audio_JKqCL2V','',1,0,0,0,0,0,'0',NULL,NULL,0,'1',3,0),(00000000972,2,'123087','2015-10-05 14:40:03','983838383','1=audio_JKqCL2V','',1,0,0,0,0,0,'0',NULL,NULL,0,'1',3,0),(00000000973,2,'123088','2015-10-05 14:41:12','980596094','1=audio_JKqCL2V','',1,0,0,0,0,0,'0',NULL,NULL,0,'1',3,0),(00000000974,2,'123089','2015-10-05 14:41:12','987383940','1=audio_JKqCL2V','',1,0,0,0,0,0,'0',NULL,NULL,0,'1',3,0),(00000000975,2,'123090','2015-10-05 14:41:12','983838383','1=audio_JKqCL2V','',1,0,0,0,0,0,'0',NULL,NULL,0,'1',3,0),(00000000976,2,'123091','2015-10-05 00:00:00','980596094','1=audio_JKqCL2V','',1,0,0,0,0,0,'0',NULL,NULL,0,'1',3,0),(00000000977,2,'123092','2015-10-05 00:00:00','987383940','1=audio_JKqCL2V','',1,0,0,0,0,0,'0',NULL,NULL,0,'1',3,0),(00000000978,2,'123093','2015-10-05 00:00:00','983838383','1=audio_JKqCL2V','',1,0,0,0,0,0,'0',NULL,NULL,0,'1',3,0),(00000000979,2,'123094','2015-10-01 00:00:00','980596094','1=audio_JKqCL2V','',1,0,0,0,0,0,'0',NULL,NULL,0,'1',3,0),(00000000980,2,'123095','2015-10-01 00:00:00','987383940','1=audio_JKqCL2V','',1,0,0,0,0,0,'0',NULL,NULL,0,'1',3,0),(00000000981,2,'123096','2015-10-01 00:00:00','983838383','1=audio_JKqCL2V','',1,0,0,0,0,0,'0',NULL,NULL,0,'1',3,0),(00000000982,2,'123097','2015-10-05 00:00:00','980596094','1=audio_JKqCL2V','',1,0,0,0,0,0,'0',NULL,NULL,0,'1',3,0),(00000000983,2,'123098','2015-10-05 00:00:00','987383940','1=audio_JKqCL2V','',1,0,0,0,0,0,'0',NULL,NULL,0,'1',3,0),(00000000984,2,'123099','2015-10-05 00:00:00','983838383','1=audio_JKqCL2V','',1,0,0,0,0,0,'0',NULL,NULL,0,'1',3,0),(00000000985,2,'123100','2015-10-05 00:00:00','980596094','1=audio_JKqCL2V','',1,0,0,0,0,0,'0',NULL,NULL,0,'1',3,0),(00000000986,2,'123101','2015-10-05 00:00:00','987383940','1=audio_JKqCL2V','',1,0,0,0,0,0,'0',NULL,NULL,0,'1',3,0),(00000000987,2,'123102','2015-10-05 00:00:00','983838383','1=audio_JKqCL2V','',1,0,0,0,0,0,'0',NULL,NULL,0,'1',3,0),(00000000988,2,'123103','2015-10-05 00:00:00','980596094','1=audio_JKqCL2V','',1,0,0,0,0,0,'0',NULL,NULL,0,'1',3,0),(00000000989,2,'123104','2015-10-05 00:00:00','987383940','1=audio_JKqCL2V','',1,0,0,0,0,0,'0',NULL,NULL,0,'1',3,0),(00000000990,2,'123105','2015-10-05 00:00:00','983838383','1=audio_JKqCL2V','',1,0,0,0,0,0,'0',NULL,NULL,0,'1',3,0),(00000000991,2,'123106','2015-10-05 00:00:00','980596094','1=audio_JKqCL2V','',1,0,0,0,0,0,'0',NULL,NULL,0,'1',3,0),(00000000992,2,'123107','2015-10-05 00:00:00','987383940','1=audio_JKqCL2V','',1,0,0,0,0,0,'0',NULL,NULL,0,'1',3,0),(00000000993,2,'123108','2015-10-05 00:00:00','983838383','1=audio_JKqCL2V','',1,0,0,0,0,0,'0',NULL,NULL,0,'1',3,0),(00000000994,2,'123109','2015-10-05 00:00:00','980596094','1=audio_JKqCL2V','',1,0,0,0,0,0,'0',NULL,NULL,0,'1',3,0),(00000000995,2,'123110','2015-10-05 00:00:00','987383940','1=audio_JKqCL2V','',1,0,0,0,0,0,'0',NULL,NULL,0,'1',3,0),(00000000996,2,'123111','2015-10-05 00:00:00','983838383','1=audio_JKqCL2V','',1,0,0,0,0,0,'0',NULL,NULL,0,'1',3,0),(00000000997,2,'123112','2015-10-05 00:00:00','980596094','1=audio_JKqCL2V','',1,0,0,0,0,0,'0',NULL,NULL,0,'1',3,0),(00000000998,2,'123113','2015-10-05 00:00:00','987383940','1=audio_JKqCL2V','',1,0,0,0,0,0,'0',NULL,NULL,0,'1',3,0),(00000000999,2,'123114','2015-10-05 00:00:00','983838383','1=audio_JKqCL2V','',1,0,0,0,0,0,'0',NULL,NULL,0,'1',3,0),(00000001000,2,'123115','2015-10-05 00:00:00','980596094','1=audio_JKqCL2V','',1,0,0,0,0,1,'0',NULL,NULL,0,'1',3,0),(00000001001,2,'123116','2015-10-05 00:00:00','987383940','1=audio_JKqCL2V','',1,0,0,0,0,1,'0',NULL,NULL,0,'1',3,0),(00000001002,2,'123117','2015-10-05 00:00:00','983838383','1=audio_JKqCL2V','',1,0,0,0,0,1,'0',NULL,NULL,0,'1',3,0),(00000001003,2,'123118','2015-10-01 00:00:00','980729169','1=audio_JKqCL2V','',1,0,0,0,0,1,'0',NULL,NULL,0,'1',3,0),(00000001004,2,'123119','2015-10-01 00:00:00','970686855','1=audio_JKqCL2V','',1,0,0,0,0,1,'0',NULL,NULL,0,'1',3,0),(00000001005,2,'123120','2015-10-01 00:00:00','980729169','1=audio_JKqCL2V','',1,0,0,0,0,1,'0',NULL,NULL,0,'1',3,0),(00000001006,2,'123121','2015-10-01 00:00:00','970686855','1=audio_JKqCL2V','',1,0,0,0,0,1,'0',NULL,NULL,0,'1',3,0),(00000001007,2,'123122','2015-10-01 00:00:00','980729169','1=audio_JKqCL2V','',1,0,0,0,0,0,'0',NULL,NULL,0,'1',3,0),(00000001008,2,'123123','2015-10-01 00:00:00','970686855','1=audio_JKqCL2V','',1,0,0,0,0,0,'0',NULL,NULL,0,'1',3,0),(00000001009,2,'123124','2015-10-01 00:00:00','980729169','1=audio_JKqCL2V','',1,0,0,0,0,0,'0',NULL,NULL,0,'1',3,0),(00000001010,2,'123125','2015-10-01 00:00:00','970686855','1=audio_JKqCL2V','',1,0,0,0,0,0,'0',NULL,NULL,0,'1',3,0),(00000001011,2,'','2015-11-20 14:55:44','123','','',1,NULL,NULL,NULL,NULL,NULL,'',NULL,NULL,NULL,'UNKNOW',3,0),(00000001012,2,'','2015-11-23 15:52:31','123','','',1,NULL,NULL,NULL,NULL,NULL,'',NULL,NULL,NULL,'UNKNOW',3,0),(00000001013,2,'','2015-11-23 15:52:31','44343','','',1,NULL,NULL,NULL,NULL,NULL,'',NULL,NULL,NULL,'UNKNOW',3,0),(00000001014,2,'','2015-11-23 15:52:32','wewe','','',1,NULL,NULL,NULL,NULL,NULL,'',NULL,NULL,NULL,'UNKNOW',3,0),(00000001015,2,'','2015-11-23 16:10:35','323','','',1,NULL,NULL,NULL,NULL,NULL,'',NULL,NULL,NULL,'UNKNOW',3,0),(00000001016,2,'','2015-11-23 16:10:35','232','','',1,NULL,NULL,NULL,NULL,NULL,'',NULL,NULL,NULL,'UNKNOW',3,0),(00000001017,2,'','2015-11-23 16:11:23','323','','',1,NULL,NULL,NULL,NULL,NULL,'',NULL,NULL,NULL,'UNKNOW',3,0),(00000001018,2,'','2015-11-23 16:11:23','232','','',1,NULL,NULL,NULL,NULL,NULL,'',NULL,NULL,NULL,'UNKNOW',3,0),(00000001019,2,'','2015-11-23 17:02:21','323','','',1,NULL,NULL,NULL,NULL,NULL,'',NULL,NULL,NULL,'UNKNOW',3,0),(00000001020,2,'','2015-11-23 17:02:21','232','','',1,NULL,NULL,NULL,NULL,NULL,'',NULL,NULL,NULL,'UNKNOW',3,0),(00000001021,2,'','2015-11-23 17:48:51','980729169','','',1,NULL,NULL,NULL,NULL,NULL,'',NULL,NULL,NULL,'UNKNOW',3,0),(00000001022,2,'','2015-11-23 17:48:51','98987345','','',1,NULL,NULL,NULL,NULL,NULL,'',NULL,NULL,NULL,'UNKNOW',3,0),(00000001023,2,'','2015-11-23 17:50:24','980729169','','',1,NULL,NULL,NULL,NULL,NULL,'',NULL,NULL,NULL,'UNKNOW',3,0),(00000001024,2,'','2015-11-23 17:50:24','98987345','','',1,NULL,NULL,NULL,NULL,NULL,'',NULL,NULL,NULL,'UNKNOW',3,0),(00000001025,2,'','2015-11-23 17:56:10','980729169','','',1,NULL,NULL,NULL,NULL,NULL,'',NULL,NULL,NULL,'UNKNOW',3,0),(00000001026,2,'','2015-11-23 17:56:10','98987345','','',1,NULL,NULL,NULL,NULL,NULL,'',NULL,NULL,NULL,'UNKNOW',3,0),(00000001027,2,'','2015-11-23 18:09:02','980729169','','',1,NULL,NULL,NULL,NULL,NULL,'',NULL,NULL,NULL,'UNKNOW',3,0),(00000001028,2,'','2015-11-23 18:09:02','98987345','','',1,NULL,NULL,NULL,NULL,NULL,'',NULL,NULL,NULL,'UNKNOW',3,0),(00000001029,2,'','2015-11-23 18:11:19','[','','',1,NULL,NULL,NULL,NULL,NULL,'',NULL,NULL,NULL,'UNKNOW',3,0),(00000001030,2,'','2015-11-23 18:11:19','\"','','',1,NULL,NULL,NULL,NULL,NULL,'',NULL,NULL,NULL,'UNKNOW',3,0),(00000001031,2,'','2015-11-23 18:11:19','9','','',1,NULL,NULL,NULL,NULL,NULL,'',NULL,NULL,NULL,'UNKNOW',3,0),(00000001032,2,'','2015-11-23 18:11:19','8','','',1,NULL,NULL,NULL,NULL,NULL,'',NULL,NULL,NULL,'UNKNOW',3,0),(00000001033,2,'','2015-11-23 18:11:19','0','','',1,NULL,NULL,NULL,NULL,NULL,'',NULL,NULL,NULL,'UNKNOW',3,0),(00000001034,2,'','2015-11-23 18:11:19','7','','',1,NULL,NULL,NULL,NULL,NULL,'',NULL,NULL,NULL,'UNKNOW',3,0),(00000001035,2,'','2015-11-23 18:11:19','2','','',1,NULL,NULL,NULL,NULL,NULL,'',NULL,NULL,NULL,'UNKNOW',3,0),(00000001036,2,'','2015-11-23 18:11:19','9','','',1,NULL,NULL,NULL,NULL,NULL,'',NULL,NULL,NULL,'UNKNOW',3,0),(00000001037,2,'','2015-11-23 18:11:19','1','','',1,NULL,NULL,NULL,NULL,NULL,'',NULL,NULL,NULL,'UNKNOW',3,0),(00000001038,2,'','2015-11-23 18:11:19','6','','',1,NULL,NULL,NULL,NULL,NULL,'',NULL,NULL,NULL,'UNKNOW',3,0),(00000001039,2,'','2015-11-23 18:11:19','9','','',1,NULL,NULL,NULL,NULL,NULL,'',NULL,NULL,NULL,'UNKNOW',3,0),(00000001040,2,'','2015-11-23 18:11:19','\"','','',1,NULL,NULL,NULL,NULL,NULL,'',NULL,NULL,NULL,'UNKNOW',3,0),(00000001041,2,'','2015-11-23 18:11:19',',','','',1,NULL,NULL,NULL,NULL,NULL,'',NULL,NULL,NULL,'UNKNOW',3,0),(00000001042,2,'','2015-11-23 18:11:19',' ','','',1,NULL,NULL,NULL,NULL,NULL,'',NULL,NULL,NULL,'UNKNOW',3,0),(00000001043,2,'','2015-11-23 18:11:19','\"','','',1,NULL,NULL,NULL,NULL,NULL,'',NULL,NULL,NULL,'UNKNOW',3,0),(00000001044,2,'','2015-11-23 18:11:19','9','','',1,NULL,NULL,NULL,NULL,NULL,'',NULL,NULL,NULL,'UNKNOW',3,0),(00000001045,2,'','2015-11-23 18:11:19','8','','',1,NULL,NULL,NULL,NULL,NULL,'',NULL,NULL,NULL,'UNKNOW',3,0),(00000001046,2,'','2015-11-23 18:11:19','0','','',1,NULL,NULL,NULL,NULL,NULL,'',NULL,NULL,NULL,'UNKNOW',3,0),(00000001047,2,'','2015-11-23 18:11:19','7','','',1,NULL,NULL,NULL,NULL,NULL,'',NULL,NULL,NULL,'UNKNOW',3,0),(00000001048,2,'','2015-11-23 18:11:20','2','','',1,NULL,NULL,NULL,NULL,NULL,'',NULL,NULL,NULL,'UNKNOW',3,0),(00000001049,2,'','2015-11-23 18:11:20','9','','',1,NULL,NULL,NULL,NULL,NULL,'',NULL,NULL,NULL,'UNKNOW',3,0),(00000001050,2,'','2015-11-23 18:11:20','6','','',1,NULL,NULL,NULL,NULL,NULL,'',NULL,NULL,NULL,'UNKNOW',3,0),(00000001051,2,'','2015-11-23 18:11:20','9','','',1,NULL,NULL,NULL,NULL,NULL,'',NULL,NULL,NULL,'UNKNOW',3,0),(00000001052,2,'','2015-11-23 18:11:20','1','','',1,NULL,NULL,NULL,NULL,NULL,'',NULL,NULL,NULL,'UNKNOW',3,0),(00000001053,2,'','2015-11-23 18:11:20','\"','','',1,NULL,NULL,NULL,NULL,NULL,'',NULL,NULL,NULL,'UNKNOW',3,0),(00000001054,2,'','2015-11-23 18:11:20',']','','',1,NULL,NULL,NULL,NULL,NULL,'',NULL,NULL,NULL,'UNKNOW',3,0),(00000001055,2,'','2015-11-23 18:20:08','980729169','','',1,NULL,NULL,NULL,NULL,NULL,'',NULL,NULL,NULL,'UNKNOW',3,0),(00000001056,2,'','2015-11-23 18:20:08','98987345','','',1,NULL,NULL,NULL,NULL,NULL,'',NULL,NULL,NULL,'UNKNOW',3,0),(00000001057,2,'','2015-11-23 18:47:34','980729169','','',1,NULL,NULL,NULL,NULL,NULL,'',NULL,NULL,NULL,'UNKNOW',3,0),(00000001058,2,'','2015-11-23 18:47:34','98987345','','',1,NULL,NULL,NULL,NULL,NULL,'',NULL,NULL,NULL,'UNKNOW',3,0),(00000001059,2,'','2015-11-23 20:04:35','980729169','','',1,NULL,NULL,NULL,NULL,NULL,'',NULL,NULL,NULL,'UNKNOW',3,0),(00000001060,2,'','2015-11-23 20:04:35','98987345','','',1,NULL,NULL,NULL,NULL,NULL,'',NULL,NULL,NULL,'UNKNOW',3,0),(00000001061,2,'','2015-11-23 20:10:10','980729169','','',1,NULL,NULL,NULL,NULL,NULL,'',NULL,NULL,NULL,'UNKNOW',3,0),(00000001062,2,'','2015-11-23 20:10:10','98987345','','',1,NULL,NULL,NULL,NULL,NULL,'',NULL,NULL,NULL,'UNKNOW',3,0),(00000001063,2,'','2015-11-23 20:10:42','980729169','','',1,NULL,NULL,NULL,NULL,NULL,'',NULL,NULL,NULL,'UNKNOW',3,0),(00000001064,2,'','2015-11-23 20:10:42','98987345','','',1,NULL,NULL,NULL,NULL,NULL,'',NULL,NULL,NULL,'UNKNOW',3,0),(00000001065,2,'','2015-12-14 16:07:15','980729169','','',1,NULL,NULL,NULL,NULL,NULL,'',NULL,NULL,NULL,'UNKNOW',3,0),(00000001066,2,'','2015-12-14 16:07:15','98987345','','',1,NULL,NULL,NULL,NULL,NULL,'',NULL,NULL,NULL,'UNKNOW',3,0),(00000001067,2,'','2015-12-14 16:11:09','980729169','','',1,NULL,NULL,NULL,NULL,NULL,'',NULL,NULL,NULL,'UNKNOW',3,0),(00000001068,2,'','2015-12-14 16:11:09','98987345','','',1,NULL,NULL,NULL,NULL,NULL,'',NULL,NULL,NULL,'UNKNOW',3,0),(00000001069,2,'','2015-12-15 14:20:11','980729169','','',1,NULL,NULL,NULL,NULL,NULL,'',NULL,NULL,NULL,'UNKNOW',3,0),(00000001070,2,'','2015-12-15 14:20:11','98987345','','',1,NULL,NULL,NULL,NULL,NULL,'',NULL,NULL,NULL,'UNKNOW',3,0),(00000001071,2,'',NULL,'987837900','','',1,NULL,NULL,NULL,NULL,NULL,'',NULL,NULL,NULL,'UNKNOW',3,0),(00000001072,2,'',NULL,'987837900','','',1,NULL,NULL,NULL,NULL,NULL,'',NULL,NULL,NULL,'UNKNOW',3,0),(00000001073,2,'',NULL,'987837901','','',1,NULL,NULL,NULL,NULL,NULL,'',NULL,NULL,NULL,'UNKNOW',3,0),(00000001074,2,'',NULL,'987837902','','',1,NULL,NULL,NULL,NULL,NULL,'',NULL,NULL,NULL,'UNKNOW',3,0),(00000001075,2,'',NULL,'987837903','','',1,NULL,NULL,NULL,NULL,NULL,'',NULL,NULL,NULL,'UNKNOW',3,0),(00000001076,2,'',NULL,'987837904','','',1,NULL,NULL,NULL,NULL,NULL,'',NULL,NULL,NULL,'UNKNOW',3,0),(00000001077,2,'',NULL,'987837905','','',1,NULL,NULL,NULL,NULL,NULL,'',NULL,NULL,NULL,'UNKNOW',3,0),(00000001078,2,'',NULL,'987837906','','',1,NULL,NULL,NULL,NULL,NULL,'',NULL,NULL,NULL,'UNKNOW',3,0),(00000001079,2,'',NULL,'987837907','','',1,NULL,NULL,NULL,NULL,NULL,'',NULL,NULL,NULL,'UNKNOW',3,0),(00000001080,2,'',NULL,'987837908','','',1,NULL,NULL,NULL,NULL,NULL,'',NULL,NULL,NULL,'UNKNOW',3,0),(00000001081,2,'',NULL,'987837909','','',1,NULL,NULL,NULL,NULL,NULL,'',NULL,NULL,NULL,'UNKNOW',3,0),(00000001082,2,'',NULL,'987837910','','',1,NULL,NULL,NULL,NULL,NULL,'',NULL,NULL,NULL,'UNKNOW',3,0),(00000001083,2,'',NULL,'987837911','','',1,NULL,NULL,NULL,NULL,NULL,'',NULL,NULL,NULL,'UNKNOW',3,0),(00000001084,2,'',NULL,'987837912','','',1,NULL,NULL,NULL,NULL,NULL,'',NULL,NULL,NULL,'UNKNOW',3,0),(00000001085,2,'',NULL,'987837913','','',1,NULL,NULL,NULL,NULL,NULL,'',NULL,NULL,NULL,'UNKNOW',3,0),(00000001086,2,'',NULL,'987837914','','',1,NULL,NULL,NULL,NULL,NULL,'',NULL,NULL,NULL,'UNKNOW',3,0),(00000001087,2,'',NULL,'987837915','','',1,NULL,NULL,NULL,NULL,NULL,'',NULL,NULL,NULL,'UNKNOW',3,0),(00000001088,2,'',NULL,'987837916','','',1,NULL,NULL,NULL,NULL,NULL,'',NULL,NULL,NULL,'UNKNOW',3,0),(00000001089,2,'',NULL,'987837917','','',1,NULL,NULL,NULL,NULL,NULL,'',NULL,NULL,NULL,'UNKNOW',3,0),(00000001090,2,'',NULL,'987837900','','',1,NULL,NULL,NULL,NULL,NULL,'',NULL,NULL,NULL,'UNKNOW',3,0),(00000001091,2,'',NULL,'987837900','','',1,NULL,NULL,NULL,NULL,NULL,'',NULL,NULL,NULL,'UNKNOW',3,0),(00000001092,2,'',NULL,'987837901','','',1,NULL,NULL,NULL,NULL,NULL,'',NULL,NULL,NULL,'UNKNOW',3,0),(00000001093,2,'',NULL,'987837902','','',1,NULL,NULL,NULL,NULL,NULL,'',NULL,NULL,NULL,'UNKNOW',3,0),(00000001094,2,'',NULL,'987837903','','',1,NULL,NULL,NULL,NULL,NULL,'',NULL,NULL,NULL,'UNKNOW',3,0),(00000001095,2,'',NULL,'987837904','','',1,NULL,NULL,NULL,NULL,NULL,'',NULL,NULL,NULL,'UNKNOW',3,0),(00000001096,2,'',NULL,'987837905','','',1,NULL,NULL,NULL,NULL,NULL,'',NULL,NULL,NULL,'UNKNOW',3,0),(00000001097,2,'',NULL,'987837906','','',1,NULL,NULL,NULL,NULL,NULL,'',NULL,NULL,NULL,'UNKNOW',3,0),(00000001098,2,'',NULL,'987837907','','',1,NULL,NULL,NULL,NULL,NULL,'',NULL,NULL,NULL,'UNKNOW',3,0),(00000001099,2,'',NULL,'987837908','','',1,NULL,NULL,NULL,NULL,NULL,'',NULL,NULL,NULL,'UNKNOW',3,0),(00000001100,2,'',NULL,'987837909','','',1,NULL,NULL,NULL,NULL,NULL,'',NULL,NULL,NULL,'UNKNOW',3,0),(00000001101,2,'',NULL,'987837910','','',1,NULL,NULL,NULL,NULL,NULL,'',NULL,NULL,NULL,'UNKNOW',3,0),(00000001102,2,'',NULL,'987837911','','',1,NULL,NULL,NULL,NULL,NULL,'',NULL,NULL,NULL,'UNKNOW',3,0),(00000001103,2,'',NULL,'987837912','','',1,NULL,NULL,NULL,NULL,NULL,'',NULL,NULL,NULL,'UNKNOW',3,0),(00000001104,2,'',NULL,'987837913','','',1,NULL,NULL,NULL,NULL,NULL,'',NULL,NULL,NULL,'UNKNOW',3,0),(00000001105,2,'',NULL,'987837914','','',1,NULL,NULL,NULL,NULL,NULL,'',NULL,NULL,NULL,'UNKNOW',3,0),(00000001106,2,'',NULL,'987837915','','',1,NULL,NULL,NULL,NULL,NULL,'',NULL,NULL,NULL,'UNKNOW',3,0),(00000001107,2,'',NULL,'987837916','','',1,NULL,NULL,NULL,NULL,NULL,'',NULL,NULL,NULL,'UNKNOW',3,0),(00000001108,2,'',NULL,'987837917','','',1,NULL,NULL,NULL,NULL,NULL,'',NULL,NULL,NULL,'UNKNOW',3,0),(00000001109,2,'',NULL,'987837900','','',1,NULL,NULL,NULL,NULL,NULL,'',NULL,NULL,NULL,'UNKNOW',3,0),(00000001110,2,'',NULL,'987837900','','',1,NULL,NULL,NULL,NULL,NULL,'',NULL,NULL,NULL,'UNKNOW',3,0),(00000001111,2,'',NULL,'987837901','','',1,NULL,NULL,NULL,NULL,NULL,'',NULL,NULL,NULL,'UNKNOW',3,0),(00000001112,2,'',NULL,'987837902','','',1,NULL,NULL,NULL,NULL,NULL,'',NULL,NULL,NULL,'UNKNOW',3,0),(00000001113,2,'',NULL,'987837903','','',1,NULL,NULL,NULL,NULL,NULL,'',NULL,NULL,NULL,'UNKNOW',3,0),(00000001114,2,'',NULL,'987837904','','',1,NULL,NULL,NULL,NULL,NULL,'',NULL,NULL,NULL,'UNKNOW',3,0),(00000001115,2,'',NULL,'987837905','','',1,NULL,NULL,NULL,NULL,NULL,'',NULL,NULL,NULL,'UNKNOW',3,0),(00000001116,2,'',NULL,'987837906','','',1,NULL,NULL,NULL,NULL,NULL,'',NULL,NULL,NULL,'UNKNOW',3,0),(00000001117,2,'',NULL,'987837907','','',1,NULL,NULL,NULL,NULL,NULL,'',NULL,NULL,NULL,'UNKNOW',3,0),(00000001118,2,'',NULL,'987837908','','',1,NULL,NULL,NULL,NULL,NULL,'',NULL,NULL,NULL,'UNKNOW',3,0),(00000001119,2,'',NULL,'987837909','','',1,NULL,NULL,NULL,NULL,NULL,'',NULL,NULL,NULL,'UNKNOW',3,0),(00000001120,2,'',NULL,'987837910','','',1,NULL,NULL,NULL,NULL,NULL,'',NULL,NULL,NULL,'UNKNOW',3,0),(00000001121,2,'',NULL,'987837911','','',1,NULL,NULL,NULL,NULL,NULL,'',NULL,NULL,NULL,'UNKNOW',3,0),(00000001122,2,'',NULL,'987837912','','',1,NULL,NULL,NULL,NULL,NULL,'',NULL,NULL,NULL,'UNKNOW',3,0),(00000001123,2,'',NULL,'987837913','','',1,NULL,NULL,NULL,NULL,NULL,'',NULL,NULL,NULL,'UNKNOW',3,0),(00000001124,2,'',NULL,'987837914','','',1,NULL,NULL,NULL,NULL,NULL,'',NULL,NULL,NULL,'UNKNOW',3,0),(00000001125,2,'',NULL,'987837915','','',1,NULL,NULL,NULL,NULL,NULL,'',NULL,NULL,NULL,'UNKNOW',3,0),(00000001126,2,'',NULL,'987837916','','',1,NULL,NULL,NULL,NULL,NULL,'',NULL,NULL,NULL,'UNKNOW',3,0),(00000001127,2,'',NULL,'987837917','','',1,NULL,NULL,NULL,NULL,NULL,'',NULL,NULL,NULL,'UNKNOW',3,0),(00000001128,2,'',NULL,'987837900','','',1,NULL,NULL,NULL,NULL,NULL,'',NULL,NULL,NULL,'UNKNOW',3,0),(00000001129,2,'',NULL,'987837900','','',1,NULL,NULL,NULL,NULL,NULL,'',NULL,NULL,NULL,'UNKNOW',3,0),(00000001130,2,'',NULL,'987837901','','',1,NULL,NULL,NULL,NULL,NULL,'',NULL,NULL,NULL,'UNKNOW',3,0),(00000001131,2,'',NULL,'987837902','','',1,NULL,NULL,NULL,NULL,NULL,'',NULL,NULL,NULL,'UNKNOW',3,0),(00000001132,2,'',NULL,'987837903','','',1,NULL,NULL,NULL,NULL,NULL,'',NULL,NULL,NULL,'UNKNOW',3,0),(00000001133,2,'',NULL,'987837904','','',1,NULL,NULL,NULL,NULL,NULL,'',NULL,NULL,NULL,'UNKNOW',3,0),(00000001134,2,'',NULL,'987837905','','',1,NULL,NULL,NULL,NULL,NULL,'',NULL,NULL,NULL,'UNKNOW',3,0),(00000001135,2,'',NULL,'987837906','','',1,NULL,NULL,NULL,NULL,NULL,'',NULL,NULL,NULL,'UNKNOW',3,0),(00000001136,2,'',NULL,'987837907','','',1,NULL,NULL,NULL,NULL,NULL,'',NULL,NULL,NULL,'UNKNOW',3,0),(00000001137,2,'',NULL,'987837908','','',1,NULL,NULL,NULL,NULL,NULL,'',NULL,NULL,NULL,'UNKNOW',3,0),(00000001138,2,'',NULL,'987837909','','',1,NULL,NULL,NULL,NULL,NULL,'',NULL,NULL,NULL,'UNKNOW',3,0),(00000001139,2,'',NULL,'987837910','','',1,NULL,NULL,NULL,NULL,NULL,'',NULL,NULL,NULL,'UNKNOW',3,0),(00000001140,2,'',NULL,'987837911','','',1,NULL,NULL,NULL,NULL,NULL,'',NULL,NULL,NULL,'UNKNOW',3,0),(00000001141,2,'',NULL,'987837912','','',1,NULL,NULL,NULL,NULL,NULL,'',NULL,NULL,NULL,'UNKNOW',3,0),(00000001142,2,'',NULL,'987837913','','',1,NULL,NULL,NULL,NULL,NULL,'',NULL,NULL,NULL,'UNKNOW',3,0),(00000001143,2,'',NULL,'987837914','','',1,NULL,NULL,NULL,NULL,NULL,'',NULL,NULL,NULL,'UNKNOW',3,0),(00000001144,2,'',NULL,'987837915','','',1,NULL,NULL,NULL,NULL,NULL,'',NULL,NULL,NULL,'UNKNOW',3,0),(00000001145,2,'',NULL,'987837916','','',1,NULL,NULL,NULL,NULL,NULL,'',NULL,NULL,NULL,'UNKNOW',3,0),(00000001146,2,'',NULL,'987837917','','',1,NULL,NULL,NULL,NULL,NULL,'',NULL,NULL,NULL,'UNKNOW',3,0),(00000001147,2,'',NULL,'987837900','','',1,NULL,NULL,NULL,NULL,NULL,'',NULL,NULL,NULL,'UNKNOW',3,0),(00000001148,2,'',NULL,'987837900','','',1,NULL,NULL,NULL,NULL,NULL,'',NULL,NULL,NULL,'UNKNOW',3,0),(00000001149,2,'',NULL,'987837901','','',1,NULL,NULL,NULL,NULL,NULL,'',NULL,NULL,NULL,'UNKNOW',3,0),(00000001150,2,'',NULL,'987837902','','',1,NULL,NULL,NULL,NULL,NULL,'',NULL,NULL,NULL,'UNKNOW',3,0),(00000001151,2,'',NULL,'987837903','','',1,NULL,NULL,NULL,NULL,NULL,'',NULL,NULL,NULL,'UNKNOW',3,0),(00000001152,2,'',NULL,'987837904','','',1,NULL,NULL,NULL,NULL,NULL,'',NULL,NULL,NULL,'UNKNOW',3,0),(00000001153,2,'',NULL,'987837905','','',1,NULL,NULL,NULL,NULL,NULL,'',NULL,NULL,NULL,'UNKNOW',3,0),(00000001154,2,'',NULL,'987837906','','',1,NULL,NULL,NULL,NULL,NULL,'',NULL,NULL,NULL,'UNKNOW',3,0),(00000001155,2,'',NULL,'987837907','','',1,NULL,NULL,NULL,NULL,NULL,'',NULL,NULL,NULL,'UNKNOW',3,0),(00000001156,2,'',NULL,'987837908','','',1,NULL,NULL,NULL,NULL,NULL,'',NULL,NULL,NULL,'UNKNOW',3,0),(00000001157,2,'',NULL,'987837909','','',1,NULL,NULL,NULL,NULL,NULL,'',NULL,NULL,NULL,'UNKNOW',3,0),(00000001158,2,'',NULL,'987837910','','',1,NULL,NULL,NULL,NULL,NULL,'',NULL,NULL,NULL,'UNKNOW',3,0),(00000001159,2,'',NULL,'987837911','','',1,NULL,NULL,NULL,NULL,NULL,'',NULL,NULL,NULL,'UNKNOW',3,0),(00000001160,2,'',NULL,'987837912','','',1,NULL,NULL,NULL,NULL,NULL,'',NULL,NULL,NULL,'UNKNOW',3,0),(00000001161,2,'',NULL,'987837913','','',1,NULL,NULL,NULL,NULL,NULL,'',NULL,NULL,NULL,'UNKNOW',3,0),(00000001162,2,'',NULL,'987837914','','',1,NULL,NULL,NULL,NULL,NULL,'',NULL,NULL,NULL,'UNKNOW',3,0),(00000001163,2,'',NULL,'987837915','','',1,NULL,NULL,NULL,NULL,NULL,'',NULL,NULL,NULL,'UNKNOW',3,0),(00000001164,2,'',NULL,'987837916','','',1,NULL,NULL,NULL,NULL,NULL,'',NULL,NULL,NULL,'UNKNOW',3,0),(00000001165,2,'',NULL,'987837917','','',1,NULL,NULL,NULL,NULL,NULL,'',NULL,NULL,NULL,'UNKNOW',3,0),(00000001166,2,'',NULL,'987837900','','',1,NULL,NULL,NULL,NULL,NULL,'',NULL,NULL,NULL,'UNKNOW',3,0),(00000001167,2,'',NULL,'987837900','','',1,NULL,NULL,NULL,NULL,NULL,'',NULL,NULL,NULL,'UNKNOW',3,0),(00000001168,2,'',NULL,'987837901','','',1,NULL,NULL,NULL,NULL,NULL,'',NULL,NULL,NULL,'UNKNOW',3,0),(00000001169,2,'',NULL,'987837902','','',1,NULL,NULL,NULL,NULL,NULL,'',NULL,NULL,NULL,'UNKNOW',3,0),(00000001170,2,'',NULL,'987837903','','',1,NULL,NULL,NULL,NULL,NULL,'',NULL,NULL,NULL,'UNKNOW',3,0),(00000001171,2,'',NULL,'987837904','','',1,NULL,NULL,NULL,NULL,NULL,'',NULL,NULL,NULL,'UNKNOW',3,0),(00000001172,2,'',NULL,'987837905','','',1,NULL,NULL,NULL,NULL,NULL,'',NULL,NULL,NULL,'UNKNOW',3,0),(00000001173,2,'',NULL,'987837906','','',1,NULL,NULL,NULL,NULL,NULL,'',NULL,NULL,NULL,'UNKNOW',3,0),(00000001174,2,'',NULL,'987837907','','',1,NULL,NULL,NULL,NULL,NULL,'',NULL,NULL,NULL,'UNKNOW',3,0),(00000001175,2,'',NULL,'987837908','','',1,NULL,NULL,NULL,NULL,NULL,'',NULL,NULL,NULL,'UNKNOW',3,0),(00000001176,2,'',NULL,'987837909','','',1,NULL,NULL,NULL,NULL,NULL,'',NULL,NULL,NULL,'UNKNOW',3,0),(00000001177,2,'',NULL,'987837910','','',1,NULL,NULL,NULL,NULL,NULL,'',NULL,NULL,NULL,'UNKNOW',3,0),(00000001178,2,'',NULL,'987837911','','',1,NULL,NULL,NULL,NULL,NULL,'',NULL,NULL,NULL,'UNKNOW',3,0),(00000001179,2,'',NULL,'987837912','','',1,NULL,NULL,NULL,NULL,NULL,'',NULL,NULL,NULL,'UNKNOW',3,0),(00000001180,2,'',NULL,'987837913','','',1,NULL,NULL,NULL,NULL,NULL,'',NULL,NULL,NULL,'UNKNOW',3,0),(00000001181,2,'',NULL,'987837914','','',1,NULL,NULL,NULL,NULL,NULL,'',NULL,NULL,NULL,'UNKNOW',3,0),(00000001182,2,'',NULL,'987837915','','',1,NULL,NULL,NULL,NULL,NULL,'',NULL,NULL,NULL,'UNKNOW',3,0),(00000001183,2,'',NULL,'987837916','','',1,NULL,NULL,NULL,NULL,NULL,'',NULL,NULL,NULL,'UNKNOW',3,0),(00000001184,2,'',NULL,'987837917','','',1,NULL,NULL,NULL,NULL,NULL,'',NULL,NULL,NULL,'UNKNOW',3,0),(00000001185,2,'',NULL,'987837900','','',1,NULL,NULL,NULL,NULL,NULL,'',NULL,NULL,NULL,'UNKNOW',3,0),(00000001186,2,'',NULL,'987837900','','',1,NULL,NULL,NULL,NULL,NULL,'',NULL,NULL,NULL,'UNKNOW',3,0),(00000001187,2,'',NULL,'987837901','','',1,NULL,NULL,NULL,NULL,NULL,'',NULL,NULL,NULL,'UNKNOW',3,0),(00000001188,2,'',NULL,'987837902','','',1,NULL,NULL,NULL,NULL,NULL,'',NULL,NULL,NULL,'UNKNOW',3,0),(00000001189,2,'',NULL,'987837903','','',1,NULL,NULL,NULL,NULL,NULL,'',NULL,NULL,NULL,'UNKNOW',3,0),(00000001190,2,'',NULL,'987837904','','',1,NULL,NULL,NULL,NULL,NULL,'',NULL,NULL,NULL,'UNKNOW',3,0),(00000001191,2,'',NULL,'987837905','','',1,NULL,NULL,NULL,NULL,NULL,'',NULL,NULL,NULL,'UNKNOW',3,0),(00000001192,2,'',NULL,'987837906','','',1,NULL,NULL,NULL,NULL,NULL,'',NULL,NULL,NULL,'UNKNOW',3,0),(00000001193,2,'',NULL,'987837907','','',1,NULL,NULL,NULL,NULL,NULL,'',NULL,NULL,NULL,'UNKNOW',3,0),(00000001194,2,'',NULL,'987837908','','',1,NULL,NULL,NULL,NULL,NULL,'',NULL,NULL,NULL,'UNKNOW',3,0),(00000001195,2,'',NULL,'987837909','','',1,NULL,NULL,NULL,NULL,NULL,'',NULL,NULL,NULL,'UNKNOW',3,0),(00000001196,2,'',NULL,'987837910','','',1,NULL,NULL,NULL,NULL,NULL,'',NULL,NULL,NULL,'UNKNOW',3,0),(00000001197,2,'',NULL,'987837911','','',1,NULL,NULL,NULL,NULL,NULL,'',NULL,NULL,NULL,'UNKNOW',3,0),(00000001198,2,'',NULL,'987837912','','',1,NULL,NULL,NULL,NULL,NULL,'',NULL,NULL,NULL,'UNKNOW',3,0),(00000001199,2,'',NULL,'987837913','','',1,NULL,NULL,NULL,NULL,NULL,'',NULL,NULL,NULL,'UNKNOW',3,0),(00000001200,2,'',NULL,'987837914','','',1,NULL,NULL,NULL,NULL,NULL,'',NULL,NULL,NULL,'UNKNOW',3,0),(00000001201,2,'',NULL,'987837915','','',1,NULL,NULL,NULL,NULL,NULL,'',NULL,NULL,NULL,'UNKNOW',3,0),(00000001202,2,'',NULL,'987837916','','',1,NULL,NULL,NULL,NULL,NULL,'',NULL,NULL,NULL,'UNKNOW',3,0),(00000001203,2,'',NULL,'987837917','','',1,NULL,NULL,NULL,NULL,NULL,'',NULL,NULL,NULL,'UNKNOW',3,0),(00000001204,2,'',NULL,'987837900','','',1,NULL,NULL,NULL,NULL,NULL,'',NULL,NULL,NULL,'UNKNOW',3,0),(00000001205,2,'',NULL,'987837900','','',1,NULL,NULL,NULL,NULL,NULL,'',NULL,NULL,NULL,'UNKNOW',3,0),(00000001206,2,'',NULL,'987837901','','',1,NULL,NULL,NULL,NULL,NULL,'',NULL,NULL,NULL,'UNKNOW',3,0),(00000001207,2,'',NULL,'987837902','','',1,NULL,NULL,NULL,NULL,NULL,'',NULL,NULL,NULL,'UNKNOW',3,0),(00000001208,2,'',NULL,'987837903','','',1,NULL,NULL,NULL,NULL,NULL,'',NULL,NULL,NULL,'UNKNOW',3,0),(00000001209,2,'',NULL,'987837904','','',1,NULL,NULL,NULL,NULL,NULL,'',NULL,NULL,NULL,'UNKNOW',3,0),(00000001210,2,'',NULL,'987837905','','',1,NULL,NULL,NULL,NULL,NULL,'',NULL,NULL,NULL,'UNKNOW',3,0),(00000001211,2,'',NULL,'987837906','','',1,NULL,NULL,NULL,NULL,NULL,'',NULL,NULL,NULL,'UNKNOW',3,0),(00000001212,2,'',NULL,'987837907','','',1,NULL,NULL,NULL,NULL,NULL,'',NULL,NULL,NULL,'UNKNOW',3,0),(00000001213,2,'',NULL,'987837908','','',1,NULL,NULL,NULL,NULL,NULL,'',NULL,NULL,NULL,'UNKNOW',3,0),(00000001214,2,'',NULL,'987837909','','',1,NULL,NULL,NULL,NULL,NULL,'',NULL,NULL,NULL,'UNKNOW',3,0),(00000001215,2,'',NULL,'987837910','','',1,NULL,NULL,NULL,NULL,NULL,'',NULL,NULL,NULL,'UNKNOW',3,0),(00000001216,2,'',NULL,'987837911','','',1,NULL,NULL,NULL,NULL,NULL,'',NULL,NULL,NULL,'UNKNOW',3,0),(00000001217,2,'',NULL,'987837912','','',1,NULL,NULL,NULL,NULL,NULL,'',NULL,NULL,NULL,'UNKNOW',3,0),(00000001218,2,'',NULL,'987837913','','',1,NULL,NULL,NULL,NULL,NULL,'',NULL,NULL,NULL,'UNKNOW',3,0),(00000001219,2,'',NULL,'987837914','','',1,NULL,NULL,NULL,NULL,NULL,'',NULL,NULL,NULL,'UNKNOW',3,0),(00000001220,2,'',NULL,'987837915','','',1,NULL,NULL,NULL,NULL,NULL,'',NULL,NULL,NULL,'UNKNOW',3,0),(00000001221,2,'',NULL,'987837916','','',1,NULL,NULL,NULL,NULL,NULL,'',NULL,NULL,NULL,'UNKNOW',3,0),(00000001222,2,'',NULL,'987837917','','',1,NULL,NULL,NULL,NULL,NULL,'',NULL,NULL,NULL,'UNKNOW',3,0),(00000001223,2,'',NULL,'987837900','','',1,NULL,NULL,NULL,NULL,NULL,'',NULL,NULL,NULL,'UNKNOW',3,0),(00000001224,2,'',NULL,'987837900','','',1,NULL,NULL,NULL,NULL,NULL,'',NULL,NULL,NULL,'UNKNOW',3,0),(00000001225,2,'',NULL,'987837901','','',1,NULL,NULL,NULL,NULL,NULL,'',NULL,NULL,NULL,'UNKNOW',3,0),(00000001226,2,'',NULL,'987837902','','',1,NULL,NULL,NULL,NULL,NULL,'',NULL,NULL,NULL,'UNKNOW',3,0),(00000001227,2,'',NULL,'987837903','','',1,NULL,NULL,NULL,NULL,NULL,'',NULL,NULL,NULL,'UNKNOW',3,0),(00000001228,2,'',NULL,'987837904','','',1,NULL,NULL,NULL,NULL,NULL,'',NULL,NULL,NULL,'UNKNOW',3,0),(00000001229,2,'',NULL,'987837905','','',1,NULL,NULL,NULL,NULL,NULL,'',NULL,NULL,NULL,'UNKNOW',3,0),(00000001230,2,'',NULL,'987837906','','',1,NULL,NULL,NULL,NULL,NULL,'',NULL,NULL,NULL,'UNKNOW',3,0),(00000001231,2,'',NULL,'987837907','','',1,NULL,NULL,NULL,NULL,NULL,'',NULL,NULL,NULL,'UNKNOW',3,0),(00000001232,2,'',NULL,'987837908','','',1,NULL,NULL,NULL,NULL,NULL,'',NULL,NULL,NULL,'UNKNOW',3,0),(00000001233,2,'',NULL,'987837909','','',1,NULL,NULL,NULL,NULL,NULL,'',NULL,NULL,NULL,'UNKNOW',3,0),(00000001234,2,'',NULL,'987837910','','',1,NULL,NULL,NULL,NULL,NULL,'',NULL,NULL,NULL,'UNKNOW',3,0),(00000001235,2,'',NULL,'987837911','','',1,NULL,NULL,NULL,NULL,NULL,'',NULL,NULL,NULL,'UNKNOW',3,0),(00000001236,2,'',NULL,'987837912','','',1,NULL,NULL,NULL,NULL,NULL,'',NULL,NULL,NULL,'UNKNOW',3,0),(00000001237,2,'',NULL,'987837913','','',1,NULL,NULL,NULL,NULL,NULL,'',NULL,NULL,NULL,'UNKNOW',3,0),(00000001238,2,'',NULL,'987837914','','',1,NULL,NULL,NULL,NULL,NULL,'',NULL,NULL,NULL,'UNKNOW',3,0),(00000001239,2,'',NULL,'987837915','','',1,NULL,NULL,NULL,NULL,NULL,'',NULL,NULL,NULL,'UNKNOW',3,0),(00000001240,2,'',NULL,'987837916','','',1,NULL,NULL,NULL,NULL,NULL,'',NULL,NULL,NULL,'UNKNOW',3,0),(00000001241,2,'',NULL,'987837917','','',1,NULL,NULL,NULL,NULL,NULL,'',NULL,NULL,NULL,'UNKNOW',3,0),(00000001242,2,'',NULL,'987837900','','',1,NULL,NULL,NULL,NULL,NULL,'',NULL,NULL,NULL,'UNKNOW',3,0),(00000001243,2,'',NULL,'987837900','','',1,NULL,NULL,NULL,NULL,NULL,'',NULL,NULL,NULL,'UNKNOW',3,0),(00000001244,2,'',NULL,'987837901','','',1,NULL,NULL,NULL,NULL,NULL,'',NULL,NULL,NULL,'UNKNOW',3,0),(00000001245,2,'',NULL,'987837902','','',1,NULL,NULL,NULL,NULL,NULL,'',NULL,NULL,NULL,'UNKNOW',3,0),(00000001246,2,'',NULL,'987837903','','',1,NULL,NULL,NULL,NULL,NULL,'',NULL,NULL,NULL,'UNKNOW',3,0),(00000001247,2,'',NULL,'987837904','','',1,NULL,NULL,NULL,NULL,NULL,'',NULL,NULL,NULL,'UNKNOW',3,0),(00000001248,2,'',NULL,'987837905','','',1,NULL,NULL,NULL,NULL,NULL,'',NULL,NULL,NULL,'UNKNOW',3,0),(00000001249,2,'',NULL,'987837906','','',1,NULL,NULL,NULL,NULL,NULL,'',NULL,NULL,NULL,'UNKNOW',3,0),(00000001250,2,'',NULL,'987837907','','',1,NULL,NULL,NULL,NULL,NULL,'',NULL,NULL,NULL,'UNKNOW',3,0),(00000001251,2,'',NULL,'987837908','','',1,NULL,NULL,NULL,NULL,NULL,'',NULL,NULL,NULL,'UNKNOW',3,0),(00000001252,2,'',NULL,'987837909','','',1,NULL,NULL,NULL,NULL,NULL,'',NULL,NULL,NULL,'UNKNOW',3,0),(00000001253,2,'',NULL,'987837910','','',1,NULL,NULL,NULL,NULL,NULL,'',NULL,NULL,NULL,'UNKNOW',3,0),(00000001254,2,'',NULL,'987837911','','',1,NULL,NULL,NULL,NULL,NULL,'',NULL,NULL,NULL,'UNKNOW',3,0),(00000001255,2,'',NULL,'987837912','','',1,NULL,NULL,NULL,NULL,NULL,'',NULL,NULL,NULL,'UNKNOW',3,0),(00000001256,2,'',NULL,'987837913','','',1,NULL,NULL,NULL,NULL,NULL,'',NULL,NULL,NULL,'UNKNOW',3,0),(00000001257,2,'',NULL,'987837914','','',1,NULL,NULL,NULL,NULL,NULL,'',NULL,NULL,NULL,'UNKNOW',3,0),(00000001258,2,'',NULL,'987837915','','',1,NULL,NULL,NULL,NULL,NULL,'',NULL,NULL,NULL,'UNKNOW',3,0),(00000001259,2,'',NULL,'987837916','','',1,NULL,NULL,NULL,NULL,NULL,'',NULL,NULL,NULL,'UNKNOW',3,0),(00000001260,2,'',NULL,'987837917','','',1,NULL,NULL,NULL,NULL,NULL,'',NULL,NULL,NULL,'UNKNOW',3,0),(00000001261,2,'',NULL,'987837900','1=detalle_perucall_1_IkEnxEj2=Modelamiento_PC_Observaciones_2.xlsx','',1,NULL,NULL,NULL,NULL,NULL,'',NULL,NULL,NULL,'UNKNOW',3,0),(00000001262,2,'',NULL,'987837900','1=detalle_perucall_1_IkEnxEj2=Modelamiento_PC_Observaciones_2.xlsx','',1,NULL,NULL,NULL,NULL,NULL,'',NULL,NULL,NULL,'UNKNOW',3,0),(00000001263,2,'',NULL,'987837901','1=detalle_perucall_1_IkEnxEj2=Modelamiento_PC_Observaciones_2.xlsx','',1,NULL,NULL,NULL,NULL,NULL,'',NULL,NULL,NULL,'UNKNOW',3,0),(00000001264,2,'',NULL,'987837902','1=detalle_perucall_1_IkEnxEj2=Modelamiento_PC_Observaciones_2.xlsx','',1,NULL,NULL,NULL,NULL,NULL,'',NULL,NULL,NULL,'UNKNOW',3,0),(00000001265,2,'',NULL,'987837903','1=detalle_perucall_1_IkEnxEj2=Modelamiento_PC_Observaciones_2.xlsx','',1,NULL,NULL,NULL,NULL,NULL,'',NULL,NULL,NULL,'UNKNOW',3,0),(00000001266,2,'',NULL,'987837904','1=detalle_perucall_1_IkEnxEj2=Modelamiento_PC_Observaciones_2.xlsx','',1,NULL,NULL,NULL,NULL,NULL,'',NULL,NULL,NULL,'UNKNOW',3,0),(00000001267,2,'',NULL,'987837905','1=detalle_perucall_1_IkEnxEj2=Modelamiento_PC_Observaciones_2.xlsx','',1,NULL,NULL,NULL,NULL,NULL,'',NULL,NULL,NULL,'UNKNOW',3,0),(00000001268,2,'',NULL,'987837906','1=detalle_perucall_1_IkEnxEj2=Modelamiento_PC_Observaciones_2.xlsx','',1,NULL,NULL,NULL,NULL,NULL,'',NULL,NULL,NULL,'UNKNOW',3,0),(00000001269,2,'',NULL,'987837907','1=detalle_perucall_1_IkEnxEj2=Modelamiento_PC_Observaciones_2.xlsx','',1,NULL,NULL,NULL,NULL,NULL,'',NULL,NULL,NULL,'UNKNOW',3,0),(00000001270,2,'',NULL,'987837908','1=detalle_perucall_1_IkEnxEj2=Modelamiento_PC_Observaciones_2.xlsx','',1,NULL,NULL,NULL,NULL,NULL,'',NULL,NULL,NULL,'UNKNOW',3,0),(00000001271,2,'',NULL,'987837909','1=detalle_perucall_1_IkEnxEj2=Modelamiento_PC_Observaciones_2.xlsx','',1,NULL,NULL,NULL,NULL,NULL,'',NULL,NULL,NULL,'UNKNOW',3,0),(00000001272,2,'',NULL,'987837910','1=detalle_perucall_1_IkEnxEj2=Modelamiento_PC_Observaciones_2.xlsx','',1,NULL,NULL,NULL,NULL,NULL,'',NULL,NULL,NULL,'UNKNOW',3,0),(00000001273,2,'',NULL,'987837911','1=detalle_perucall_1_IkEnxEj2=Modelamiento_PC_Observaciones_2.xlsx','',1,NULL,NULL,NULL,NULL,NULL,'',NULL,NULL,NULL,'UNKNOW',3,0),(00000001274,2,'',NULL,'987837912','1=detalle_perucall_1_IkEnxEj2=Modelamiento_PC_Observaciones_2.xlsx','',1,NULL,NULL,NULL,NULL,NULL,'',NULL,NULL,NULL,'UNKNOW',3,0),(00000001275,2,'',NULL,'987837913','1=detalle_perucall_1_IkEnxEj2=Modelamiento_PC_Observaciones_2.xlsx','',1,NULL,NULL,NULL,NULL,NULL,'',NULL,NULL,NULL,'UNKNOW',3,0),(00000001276,2,'',NULL,'987837914','1=detalle_perucall_1_IkEnxEj2=Modelamiento_PC_Observaciones_2.xlsx','',1,NULL,NULL,NULL,NULL,NULL,'',NULL,NULL,NULL,'UNKNOW',3,0),(00000001277,2,'',NULL,'987837915','1=detalle_perucall_1_IkEnxEj2=Modelamiento_PC_Observaciones_2.xlsx','',1,NULL,NULL,NULL,NULL,NULL,'',NULL,NULL,NULL,'UNKNOW',3,0),(00000001278,2,'',NULL,'987837916','1=detalle_perucall_1_IkEnxEj2=Modelamiento_PC_Observaciones_2.xlsx','',1,NULL,NULL,NULL,NULL,NULL,'',NULL,NULL,NULL,'UNKNOW',3,0),(00000001279,2,'',NULL,'987837917','1=detalle_perucall_1_IkEnxEj2=Modelamiento_PC_Observaciones_2.xlsx','',1,NULL,NULL,NULL,NULL,NULL,'',NULL,NULL,NULL,'UNKNOW',3,0),(00000001280,2,'',NULL,'987837900','1=detalle_perucall_22=detalle_perucall_2_0Eo4wjP','',1,NULL,NULL,NULL,NULL,NULL,'',NULL,NULL,NULL,'UNKNOW',3,0),(00000001281,2,'',NULL,'987837900','1=detalle_perucall_22=detalle_perucall_2_0Eo4wjP','',1,NULL,NULL,NULL,NULL,NULL,'',NULL,NULL,NULL,'UNKNOW',3,0),(00000001282,2,'',NULL,'987837901','1=detalle_perucall_22=detalle_perucall_2_0Eo4wjP','',1,NULL,NULL,NULL,NULL,NULL,'',NULL,NULL,NULL,'UNKNOW',3,0),(00000001283,2,'',NULL,'987837902','1=detalle_perucall_22=detalle_perucall_2_0Eo4wjP','',1,NULL,NULL,NULL,NULL,NULL,'',NULL,NULL,NULL,'UNKNOW',3,0),(00000001284,2,'',NULL,'987837903','1=detalle_perucall_22=detalle_perucall_2_0Eo4wjP','',1,NULL,NULL,NULL,NULL,NULL,'',NULL,NULL,NULL,'UNKNOW',3,0),(00000001285,2,'',NULL,'987837904','1=detalle_perucall_22=detalle_perucall_2_0Eo4wjP','',1,NULL,NULL,NULL,NULL,NULL,'',NULL,NULL,NULL,'UNKNOW',3,0),(00000001286,2,'',NULL,'987837905','1=detalle_perucall_22=detalle_perucall_2_0Eo4wjP','',1,NULL,NULL,NULL,NULL,NULL,'',NULL,NULL,NULL,'UNKNOW',3,0),(00000001287,2,'',NULL,'987837906','1=detalle_perucall_22=detalle_perucall_2_0Eo4wjP','',1,NULL,NULL,NULL,NULL,NULL,'',NULL,NULL,NULL,'UNKNOW',3,0),(00000001288,2,'',NULL,'987837907','1=detalle_perucall_22=detalle_perucall_2_0Eo4wjP','',1,NULL,NULL,NULL,NULL,NULL,'',NULL,NULL,NULL,'UNKNOW',3,0),(00000001289,2,'',NULL,'987837908','1=detalle_perucall_22=detalle_perucall_2_0Eo4wjP','',1,NULL,NULL,NULL,NULL,NULL,'',NULL,NULL,NULL,'UNKNOW',3,0),(00000001290,2,'',NULL,'987837909','1=detalle_perucall_22=detalle_perucall_2_0Eo4wjP','',1,NULL,NULL,NULL,NULL,NULL,'',NULL,NULL,NULL,'UNKNOW',3,0),(00000001291,2,'',NULL,'987837910','1=detalle_perucall_22=detalle_perucall_2_0Eo4wjP','',1,NULL,NULL,NULL,NULL,NULL,'',NULL,NULL,NULL,'UNKNOW',3,0),(00000001292,2,'',NULL,'987837911','1=detalle_perucall_22=detalle_perucall_2_0Eo4wjP','',1,NULL,NULL,NULL,NULL,NULL,'',NULL,NULL,NULL,'UNKNOW',3,0),(00000001293,2,'',NULL,'987837912','1=detalle_perucall_22=detalle_perucall_2_0Eo4wjP','',1,NULL,NULL,NULL,NULL,NULL,'',NULL,NULL,NULL,'UNKNOW',3,0),(00000001294,2,'',NULL,'987837913','1=detalle_perucall_22=detalle_perucall_2_0Eo4wjP','',1,NULL,NULL,NULL,NULL,NULL,'',NULL,NULL,NULL,'UNKNOW',3,0),(00000001295,2,'',NULL,'987837914','1=detalle_perucall_22=detalle_perucall_2_0Eo4wjP','',1,NULL,NULL,NULL,NULL,NULL,'',NULL,NULL,NULL,'UNKNOW',3,0),(00000001296,2,'',NULL,'987837915','1=detalle_perucall_22=detalle_perucall_2_0Eo4wjP','',1,NULL,NULL,NULL,NULL,NULL,'',NULL,NULL,NULL,'UNKNOW',3,0),(00000001297,2,'',NULL,'987837916','1=detalle_perucall_22=detalle_perucall_2_0Eo4wjP','',1,NULL,NULL,NULL,NULL,NULL,'',NULL,NULL,NULL,'UNKNOW',3,0),(00000001298,2,'',NULL,'987837917','1=detalle_perucall_22=detalle_perucall_2_0Eo4wjP','',1,NULL,NULL,NULL,NULL,NULL,'',NULL,NULL,NULL,'UNKNOW',3,0),(00000001299,2,'',NULL,'987837900','1=Perucall_modificaciones__5.docx2=one2one_d2KiKLi.sql','',1,NULL,NULL,NULL,NULL,NULL,'',NULL,NULL,NULL,'UNKNOW',3,0),(00000001300,2,'',NULL,'987837900','1=Perucall_modificaciones__5.docx2=one2one_d2KiKLi.sql','',1,NULL,NULL,NULL,NULL,NULL,'',NULL,NULL,NULL,'UNKNOW',3,0),(00000001301,2,'',NULL,'987837901','1=Perucall_modificaciones__5.docx2=one2one_d2KiKLi.sql','',1,NULL,NULL,NULL,NULL,NULL,'',NULL,NULL,NULL,'UNKNOW',3,0),(00000001302,2,'',NULL,'987837902','1=Perucall_modificaciones__5.docx2=one2one_d2KiKLi.sql','',1,NULL,NULL,NULL,NULL,NULL,'',NULL,NULL,NULL,'UNKNOW',3,0),(00000001303,2,'',NULL,'987837903','1=Perucall_modificaciones__5.docx2=one2one_d2KiKLi.sql','',1,NULL,NULL,NULL,NULL,NULL,'',NULL,NULL,NULL,'UNKNOW',3,0),(00000001304,2,'',NULL,'987837904','1=Perucall_modificaciones__5.docx2=one2one_d2KiKLi.sql','',1,NULL,NULL,NULL,NULL,NULL,'',NULL,NULL,NULL,'UNKNOW',3,0),(00000001305,2,'',NULL,'987837905','1=Perucall_modificaciones__5.docx2=one2one_d2KiKLi.sql','',1,NULL,NULL,NULL,NULL,NULL,'',NULL,NULL,NULL,'UNKNOW',3,0),(00000001306,2,'',NULL,'987837906','1=Perucall_modificaciones__5.docx2=one2one_d2KiKLi.sql','',1,NULL,NULL,NULL,NULL,NULL,'',NULL,NULL,NULL,'UNKNOW',3,0),(00000001307,2,'',NULL,'987837907','1=Perucall_modificaciones__5.docx2=one2one_d2KiKLi.sql','',1,NULL,NULL,NULL,NULL,NULL,'',NULL,NULL,NULL,'UNKNOW',3,0),(00000001308,2,'',NULL,'987837908','1=Perucall_modificaciones__5.docx2=one2one_d2KiKLi.sql','',1,NULL,NULL,NULL,NULL,NULL,'',NULL,NULL,NULL,'UNKNOW',3,0),(00000001309,2,'',NULL,'987837909','1=Perucall_modificaciones__5.docx2=one2one_d2KiKLi.sql','',1,NULL,NULL,NULL,NULL,NULL,'',NULL,NULL,NULL,'UNKNOW',3,0),(00000001310,2,'',NULL,'987837910','1=Perucall_modificaciones__5.docx2=one2one_d2KiKLi.sql','',1,NULL,NULL,NULL,NULL,NULL,'',NULL,NULL,NULL,'UNKNOW',3,0),(00000001311,2,'',NULL,'987837911','1=Perucall_modificaciones__5.docx2=one2one_d2KiKLi.sql','',1,NULL,NULL,NULL,NULL,NULL,'',NULL,NULL,NULL,'UNKNOW',3,0),(00000001312,2,'',NULL,'987837912','1=Perucall_modificaciones__5.docx2=one2one_d2KiKLi.sql','',1,NULL,NULL,NULL,NULL,NULL,'',NULL,NULL,NULL,'UNKNOW',3,0),(00000001313,2,'',NULL,'987837913','1=Perucall_modificaciones__5.docx2=one2one_d2KiKLi.sql','',1,NULL,NULL,NULL,NULL,NULL,'',NULL,NULL,NULL,'UNKNOW',3,0),(00000001314,2,'',NULL,'987837914','1=Perucall_modificaciones__5.docx2=one2one_d2KiKLi.sql','',1,NULL,NULL,NULL,NULL,NULL,'',NULL,NULL,NULL,'UNKNOW',3,0),(00000001315,2,'',NULL,'987837915','1=Perucall_modificaciones__5.docx2=one2one_d2KiKLi.sql','',1,NULL,NULL,NULL,NULL,NULL,'',NULL,NULL,NULL,'UNKNOW',3,0),(00000001316,2,'',NULL,'987837916','1=Perucall_modificaciones__5.docx2=one2one_d2KiKLi.sql','',1,NULL,NULL,NULL,NULL,NULL,'',NULL,NULL,NULL,'UNKNOW',3,0),(00000001317,2,'',NULL,'987837917','1=Perucall_modificaciones__5.docx2=one2one_d2KiKLi.sql','',1,NULL,NULL,NULL,NULL,NULL,'',NULL,NULL,NULL,'UNKNOW',3,0),(00000001318,2,'',NULL,'987837900','1=Perucall_modificaciones__5.docx2=one2one_d2KiKLi.sql','',1,NULL,NULL,NULL,NULL,NULL,'',NULL,NULL,NULL,'UNKNOW',3,0),(00000001319,2,'',NULL,'987837900','1=Perucall_modificaciones__5.docx2=one2one_d2KiKLi.sql','',1,NULL,NULL,NULL,NULL,NULL,'',NULL,NULL,NULL,'UNKNOW',3,0),(00000001320,2,'',NULL,'987837901','1=Perucall_modificaciones__5.docx2=one2one_d2KiKLi.sql','',1,NULL,NULL,NULL,NULL,NULL,'',NULL,NULL,NULL,'UNKNOW',3,0),(00000001321,2,'',NULL,'987837902','1=Perucall_modificaciones__5.docx2=one2one_d2KiKLi.sql','',1,NULL,NULL,NULL,NULL,NULL,'',NULL,NULL,NULL,'UNKNOW',3,0),(00000001322,2,'',NULL,'987837903','1=Perucall_modificaciones__5.docx2=one2one_d2KiKLi.sql','',1,NULL,NULL,NULL,NULL,NULL,'',NULL,NULL,NULL,'UNKNOW',3,0),(00000001323,2,'',NULL,'987837904','1=Perucall_modificaciones__5.docx2=one2one_d2KiKLi.sql','',1,NULL,NULL,NULL,NULL,NULL,'',NULL,NULL,NULL,'UNKNOW',3,0),(00000001324,2,'',NULL,'987837905','1=Perucall_modificaciones__5.docx2=one2one_d2KiKLi.sql','',1,NULL,NULL,NULL,NULL,NULL,'',NULL,NULL,NULL,'UNKNOW',3,0),(00000001325,2,'',NULL,'987837906','1=Perucall_modificaciones__5.docx2=one2one_d2KiKLi.sql','',1,NULL,NULL,NULL,NULL,NULL,'',NULL,NULL,NULL,'UNKNOW',3,0),(00000001326,2,'',NULL,'987837907','1=Perucall_modificaciones__5.docx2=one2one_d2KiKLi.sql','',1,NULL,NULL,NULL,NULL,NULL,'',NULL,NULL,NULL,'UNKNOW',3,0),(00000001327,2,'',NULL,'987837908','1=Perucall_modificaciones__5.docx2=one2one_d2KiKLi.sql','',1,NULL,NULL,NULL,NULL,NULL,'',NULL,NULL,NULL,'UNKNOW',3,0),(00000001328,2,'',NULL,'987837909','1=Perucall_modificaciones__5.docx2=one2one_d2KiKLi.sql','',1,NULL,NULL,NULL,NULL,NULL,'',NULL,NULL,NULL,'UNKNOW',3,0),(00000001329,2,'',NULL,'987837910','1=Perucall_modificaciones__5.docx2=one2one_d2KiKLi.sql','',1,NULL,NULL,NULL,NULL,NULL,'',NULL,NULL,NULL,'UNKNOW',3,0),(00000001330,2,'',NULL,'987837911','1=Perucall_modificaciones__5.docx2=one2one_d2KiKLi.sql','',1,NULL,NULL,NULL,NULL,NULL,'',NULL,NULL,NULL,'UNKNOW',3,0),(00000001331,2,'',NULL,'987837912','1=Perucall_modificaciones__5.docx2=one2one_d2KiKLi.sql','',1,NULL,NULL,NULL,NULL,NULL,'',NULL,NULL,NULL,'UNKNOW',3,0),(00000001332,2,'',NULL,'987837913','1=Perucall_modificaciones__5.docx2=one2one_d2KiKLi.sql','',1,NULL,NULL,NULL,NULL,NULL,'',NULL,NULL,NULL,'UNKNOW',3,0),(00000001333,2,'',NULL,'987837914','1=Perucall_modificaciones__5.docx2=one2one_d2KiKLi.sql','',1,NULL,NULL,NULL,NULL,NULL,'',NULL,NULL,NULL,'UNKNOW',3,0),(00000001334,2,'',NULL,'987837915','1=Perucall_modificaciones__5.docx2=one2one_d2KiKLi.sql','',1,NULL,NULL,NULL,NULL,NULL,'',NULL,NULL,NULL,'UNKNOW',3,0),(00000001335,2,'',NULL,'987837916','1=Perucall_modificaciones__5.docx2=one2one_d2KiKLi.sql','',1,NULL,NULL,NULL,NULL,NULL,'',NULL,NULL,NULL,'UNKNOW',3,0),(00000001336,2,'',NULL,'987837917','1=Perucall_modificaciones__5.docx2=one2one_d2KiKLi.sql','',1,NULL,NULL,NULL,NULL,NULL,'',NULL,NULL,NULL,'UNKNOW',3,0),(00000001337,2,'',NULL,'987837900','1=beyond.sql2=p.png','',1,NULL,NULL,NULL,NULL,NULL,'',NULL,NULL,NULL,'UNKNOW',3,0),(00000001338,2,'',NULL,'987837900','1=beyond.sql2=p.png','',1,NULL,NULL,NULL,NULL,NULL,'',NULL,NULL,NULL,'UNKNOW',3,0),(00000001339,2,'',NULL,'987837901','1=beyond.sql2=p.png','',1,NULL,NULL,NULL,NULL,NULL,'',NULL,NULL,NULL,'UNKNOW',3,0),(00000001340,2,'',NULL,'987837902','1=beyond.sql2=p.png','',1,NULL,NULL,NULL,NULL,NULL,'',NULL,NULL,NULL,'UNKNOW',3,0),(00000001341,2,'',NULL,'987837903','1=beyond.sql2=p.png','',1,NULL,NULL,NULL,NULL,NULL,'',NULL,NULL,NULL,'UNKNOW',3,0),(00000001342,2,'',NULL,'987837904','1=beyond.sql2=p.png','',1,NULL,NULL,NULL,NULL,NULL,'',NULL,NULL,NULL,'UNKNOW',3,0),(00000001343,2,'',NULL,'987837905','1=beyond.sql2=p.png','',1,NULL,NULL,NULL,NULL,NULL,'',NULL,NULL,NULL,'UNKNOW',3,0),(00000001344,2,'',NULL,'987837906','1=beyond.sql2=p.png','',1,NULL,NULL,NULL,NULL,NULL,'',NULL,NULL,NULL,'UNKNOW',3,0),(00000001345,2,'',NULL,'987837907','1=beyond.sql2=p.png','',1,NULL,NULL,NULL,NULL,NULL,'',NULL,NULL,NULL,'UNKNOW',3,0),(00000001346,2,'',NULL,'987837908','1=beyond.sql2=p.png','',1,NULL,NULL,NULL,NULL,NULL,'',NULL,NULL,NULL,'UNKNOW',3,0),(00000001347,2,'',NULL,'987837909','1=beyond.sql2=p.png','',1,NULL,NULL,NULL,NULL,NULL,'',NULL,NULL,NULL,'UNKNOW',3,0),(00000001348,2,'',NULL,'987837910','1=beyond.sql2=p.png','',1,NULL,NULL,NULL,NULL,NULL,'',NULL,NULL,NULL,'UNKNOW',3,0),(00000001349,2,'',NULL,'987837911','1=beyond.sql2=p.png','',1,NULL,NULL,NULL,NULL,NULL,'',NULL,NULL,NULL,'UNKNOW',3,0),(00000001350,2,'',NULL,'987837912','1=beyond.sql2=p.png','',1,NULL,NULL,NULL,NULL,NULL,'',NULL,NULL,NULL,'UNKNOW',3,0),(00000001351,2,'',NULL,'987837913','1=beyond.sql2=p.png','',1,NULL,NULL,NULL,NULL,NULL,'',NULL,NULL,NULL,'UNKNOW',3,0),(00000001352,2,'',NULL,'987837914','1=beyond.sql2=p.png','',1,NULL,NULL,NULL,NULL,NULL,'',NULL,NULL,NULL,'UNKNOW',3,0),(00000001353,2,'',NULL,'987837915','1=beyond.sql2=p.png','',1,NULL,NULL,NULL,NULL,NULL,'',NULL,NULL,NULL,'UNKNOW',3,0),(00000001354,2,'',NULL,'987837916','1=beyond.sql2=p.png','',1,NULL,NULL,NULL,NULL,NULL,'',NULL,NULL,NULL,'UNKNOW',3,0),(00000001355,2,'',NULL,'987837917','1=beyond.sql2=p.png','',1,NULL,NULL,NULL,NULL,NULL,'',NULL,NULL,NULL,'UNKNOW',3,0),(00000001356,2,'',NULL,'987837900','1=interfono_bfKc1PR.sql','',1,NULL,NULL,NULL,NULL,NULL,'',NULL,NULL,NULL,'UNKNOW',3,0),(00000001357,2,'',NULL,'987837900','1=interfono_bfKc1PR.sql','',1,NULL,NULL,NULL,NULL,NULL,'',NULL,NULL,NULL,'UNKNOW',3,0),(00000001358,2,'',NULL,'987837901','1=interfono_bfKc1PR.sql','',1,NULL,NULL,NULL,NULL,NULL,'',NULL,NULL,NULL,'UNKNOW',3,0),(00000001359,2,'',NULL,'987837902','1=interfono_bfKc1PR.sql','',1,NULL,NULL,NULL,NULL,NULL,'',NULL,NULL,NULL,'UNKNOW',3,0),(00000001360,2,'',NULL,'987837903','1=interfono_bfKc1PR.sql','',1,NULL,NULL,NULL,NULL,NULL,'',NULL,NULL,NULL,'UNKNOW',3,0),(00000001361,2,'',NULL,'987837904','1=interfono_bfKc1PR.sql','',1,NULL,NULL,NULL,NULL,NULL,'',NULL,NULL,NULL,'UNKNOW',3,0),(00000001362,2,'',NULL,'987837905','1=interfono_bfKc1PR.sql','',1,NULL,NULL,NULL,NULL,NULL,'',NULL,NULL,NULL,'UNKNOW',3,0),(00000001363,2,'',NULL,'987837906','1=interfono_bfKc1PR.sql','',1,NULL,NULL,NULL,NULL,NULL,'',NULL,NULL,NULL,'UNKNOW',3,0),(00000001364,2,'',NULL,'987837907','1=interfono_bfKc1PR.sql','',1,NULL,NULL,NULL,NULL,NULL,'',NULL,NULL,NULL,'UNKNOW',3,0),(00000001365,2,'',NULL,'987837908','1=interfono_bfKc1PR.sql','',1,NULL,NULL,NULL,NULL,NULL,'',NULL,NULL,NULL,'UNKNOW',3,0),(00000001366,2,'',NULL,'987837909','1=interfono_bfKc1PR.sql','',1,NULL,NULL,NULL,NULL,NULL,'',NULL,NULL,NULL,'UNKNOW',3,0),(00000001367,2,'',NULL,'987837910','1=interfono_bfKc1PR.sql','',1,NULL,NULL,NULL,NULL,NULL,'',NULL,NULL,NULL,'UNKNOW',3,0),(00000001368,2,'',NULL,'987837911','1=interfono_bfKc1PR.sql','',1,NULL,NULL,NULL,NULL,NULL,'',NULL,NULL,NULL,'UNKNOW',3,0),(00000001369,2,'',NULL,'987837912','1=interfono_bfKc1PR.sql','',1,NULL,NULL,NULL,NULL,NULL,'',NULL,NULL,NULL,'UNKNOW',3,0),(00000001370,2,'',NULL,'987837913','1=interfono_bfKc1PR.sql','',1,NULL,NULL,NULL,NULL,NULL,'',NULL,NULL,NULL,'UNKNOW',3,0),(00000001371,2,'',NULL,'987837914','1=interfono_bfKc1PR.sql','',1,NULL,NULL,NULL,NULL,NULL,'',NULL,NULL,NULL,'UNKNOW',3,0),(00000001372,2,'',NULL,'987837915','1=interfono_bfKc1PR.sql','',1,NULL,NULL,NULL,NULL,NULL,'',NULL,NULL,NULL,'UNKNOW',3,0),(00000001373,2,'',NULL,'987837916','1=interfono_bfKc1PR.sql','',1,NULL,NULL,NULL,NULL,NULL,'',NULL,NULL,NULL,'UNKNOW',3,0),(00000001374,2,'',NULL,'987837917','1=interfono_bfKc1PR.sql','',1,NULL,NULL,NULL,NULL,NULL,'',NULL,NULL,NULL,'UNKNOW',3,0),(00000001375,2,'',NULL,'987837900','1=one2one_0txkiis.sql2=logo.jpg','',1,NULL,NULL,NULL,NULL,NULL,'',NULL,NULL,NULL,'UNKNOW',3,0),(00000001376,2,'',NULL,'987837900','1=one2one_0txkiis.sql2=logo.jpg','',1,NULL,NULL,NULL,NULL,NULL,'',NULL,NULL,NULL,'UNKNOW',3,0),(00000001377,2,'',NULL,'987837901','1=one2one_0txkiis.sql2=logo.jpg','',1,NULL,NULL,NULL,NULL,NULL,'',NULL,NULL,NULL,'UNKNOW',3,0),(00000001378,2,'',NULL,'987837902','1=one2one_0txkiis.sql2=logo.jpg','',1,NULL,NULL,NULL,NULL,NULL,'',NULL,NULL,NULL,'UNKNOW',3,0),(00000001379,2,'',NULL,'987837903','1=one2one_0txkiis.sql2=logo.jpg','',1,NULL,NULL,NULL,NULL,NULL,'',NULL,NULL,NULL,'UNKNOW',3,0),(00000001380,2,'',NULL,'987837904','1=one2one_0txkiis.sql2=logo.jpg','',1,NULL,NULL,NULL,NULL,NULL,'',NULL,NULL,NULL,'UNKNOW',3,0),(00000001381,2,'',NULL,'987837905','1=one2one_0txkiis.sql2=logo.jpg','',1,NULL,NULL,NULL,NULL,NULL,'',NULL,NULL,NULL,'UNKNOW',3,0),(00000001382,2,'',NULL,'987837906','1=one2one_0txkiis.sql2=logo.jpg','',1,NULL,NULL,NULL,NULL,NULL,'',NULL,NULL,NULL,'UNKNOW',3,0),(00000001383,2,'',NULL,'987837907','1=one2one_0txkiis.sql2=logo.jpg','',1,NULL,NULL,NULL,NULL,NULL,'',NULL,NULL,NULL,'UNKNOW',3,0),(00000001384,2,'',NULL,'987837908','1=one2one_0txkiis.sql2=logo.jpg','',1,NULL,NULL,NULL,NULL,NULL,'',NULL,NULL,NULL,'UNKNOW',3,0),(00000001385,2,'',NULL,'987837909','1=one2one_0txkiis.sql2=logo.jpg','',1,NULL,NULL,NULL,NULL,NULL,'',NULL,NULL,NULL,'UNKNOW',3,0),(00000001386,2,'',NULL,'987837910','1=one2one_0txkiis.sql2=logo.jpg','',1,NULL,NULL,NULL,NULL,NULL,'',NULL,NULL,NULL,'UNKNOW',3,0),(00000001387,2,'',NULL,'987837911','1=one2one_0txkiis.sql2=logo.jpg','',1,NULL,NULL,NULL,NULL,NULL,'',NULL,NULL,NULL,'UNKNOW',3,0),(00000001388,2,'',NULL,'987837912','1=one2one_0txkiis.sql2=logo.jpg','',1,NULL,NULL,NULL,NULL,NULL,'',NULL,NULL,NULL,'UNKNOW',3,0),(00000001389,2,'',NULL,'987837913','1=one2one_0txkiis.sql2=logo.jpg','',1,NULL,NULL,NULL,NULL,NULL,'',NULL,NULL,NULL,'UNKNOW',3,0),(00000001390,2,'',NULL,'987837914','1=one2one_0txkiis.sql2=logo.jpg','',1,NULL,NULL,NULL,NULL,NULL,'',NULL,NULL,NULL,'UNKNOW',3,0),(00000001391,2,'',NULL,'987837915','1=one2one_0txkiis.sql2=logo.jpg','',1,NULL,NULL,NULL,NULL,NULL,'',NULL,NULL,NULL,'UNKNOW',3,0),(00000001392,2,'',NULL,'987837916','1=one2one_0txkiis.sql2=logo.jpg','',1,NULL,NULL,NULL,NULL,NULL,'',NULL,NULL,NULL,'UNKNOW',3,0),(00000001393,2,'',NULL,'987837917','1=one2one_0txkiis.sql2=logo.jpg','',1,NULL,NULL,NULL,NULL,NULL,'',NULL,NULL,NULL,'UNKNOW',3,0),(00000001394,2,'',NULL,'987837900','1=p_Lusn3bR.png','',1,NULL,NULL,NULL,NULL,NULL,'',NULL,NULL,NULL,'UNKNOW',3,0),(00000001395,2,'',NULL,'987837900','1=p_Lusn3bR.png','',1,NULL,NULL,NULL,NULL,NULL,'',NULL,NULL,NULL,'UNKNOW',3,0),(00000001396,2,'',NULL,'987837901','1=p_Lusn3bR.png','',1,NULL,NULL,NULL,NULL,NULL,'',NULL,NULL,NULL,'UNKNOW',3,0),(00000001397,2,'',NULL,'987837902','1=p_Lusn3bR.png','',1,NULL,NULL,NULL,NULL,NULL,'',NULL,NULL,NULL,'UNKNOW',3,0),(00000001398,2,'',NULL,'987837903','1=p_Lusn3bR.png','',1,NULL,NULL,NULL,NULL,NULL,'',NULL,NULL,NULL,'UNKNOW',3,0),(00000001399,2,'',NULL,'987837904','1=p_Lusn3bR.png','',1,NULL,NULL,NULL,NULL,NULL,'',NULL,NULL,NULL,'UNKNOW',3,0),(00000001400,2,'',NULL,'987837905','1=p_Lusn3bR.png','',1,NULL,NULL,NULL,NULL,NULL,'',NULL,NULL,NULL,'UNKNOW',3,0),(00000001401,2,'',NULL,'987837906','1=p_Lusn3bR.png','',1,NULL,NULL,NULL,NULL,NULL,'',NULL,NULL,NULL,'UNKNOW',3,0),(00000001402,2,'',NULL,'987837907','1=p_Lusn3bR.png','',1,NULL,NULL,NULL,NULL,NULL,'',NULL,NULL,NULL,'UNKNOW',3,0),(00000001403,2,'',NULL,'987837908','1=p_Lusn3bR.png','',1,NULL,NULL,NULL,NULL,NULL,'',NULL,NULL,NULL,'UNKNOW',3,0),(00000001404,2,'',NULL,'987837909','1=p_Lusn3bR.png','',1,NULL,NULL,NULL,NULL,NULL,'',NULL,NULL,NULL,'UNKNOW',3,0),(00000001405,2,'',NULL,'987837910','1=p_Lusn3bR.png','',1,NULL,NULL,NULL,NULL,NULL,'',NULL,NULL,NULL,'UNKNOW',3,0),(00000001406,2,'',NULL,'987837911','1=p_Lusn3bR.png','',1,NULL,NULL,NULL,NULL,NULL,'',NULL,NULL,NULL,'UNKNOW',3,0),(00000001407,2,'',NULL,'987837912','1=p_Lusn3bR.png','',1,NULL,NULL,NULL,NULL,NULL,'',NULL,NULL,NULL,'UNKNOW',3,0),(00000001408,2,'',NULL,'987837913','1=p_Lusn3bR.png','',1,NULL,NULL,NULL,NULL,NULL,'',NULL,NULL,NULL,'UNKNOW',3,0),(00000001409,2,'',NULL,'987837914','1=p_Lusn3bR.png','',1,NULL,NULL,NULL,NULL,NULL,'',NULL,NULL,NULL,'UNKNOW',3,0),(00000001410,2,'',NULL,'987837915','1=p_Lusn3bR.png','',1,NULL,NULL,NULL,NULL,NULL,'',NULL,NULL,NULL,'UNKNOW',3,0),(00000001411,2,'',NULL,'987837916','1=p_Lusn3bR.png','',1,NULL,NULL,NULL,NULL,NULL,'',NULL,NULL,NULL,'UNKNOW',3,0),(00000001412,2,'',NULL,'987837917','1=p_Lusn3bR.png','',1,NULL,NULL,NULL,NULL,NULL,'',NULL,NULL,NULL,'UNKNOW',3,0),(00000001413,2,'',NULL,'987837900','1=beyond_f4bAcYX.sql2=p_7MQBUou.png','',1,NULL,NULL,NULL,NULL,NULL,'',NULL,NULL,NULL,'UNKNOW',3,0),(00000001414,2,'',NULL,'987837900','1=beyond_f4bAcYX.sql2=p_7MQBUou.png','',1,NULL,NULL,NULL,NULL,NULL,'',NULL,NULL,NULL,'UNKNOW',3,0),(00000001415,2,'',NULL,'987837901','1=beyond_f4bAcYX.sql2=p_7MQBUou.png','',1,NULL,NULL,NULL,NULL,NULL,'',NULL,NULL,NULL,'UNKNOW',3,0),(00000001416,2,'',NULL,'987837902','1=beyond_f4bAcYX.sql2=p_7MQBUou.png','',1,NULL,NULL,NULL,NULL,NULL,'',NULL,NULL,NULL,'UNKNOW',3,0),(00000001417,2,'',NULL,'987837903','1=beyond_f4bAcYX.sql2=p_7MQBUou.png','',1,NULL,NULL,NULL,NULL,NULL,'',NULL,NULL,NULL,'UNKNOW',3,0),(00000001418,2,'',NULL,'987837904','1=beyond_f4bAcYX.sql2=p_7MQBUou.png','',1,NULL,NULL,NULL,NULL,NULL,'',NULL,NULL,NULL,'UNKNOW',3,0),(00000001419,2,'',NULL,'987837905','1=beyond_f4bAcYX.sql2=p_7MQBUou.png','',1,NULL,NULL,NULL,NULL,NULL,'',NULL,NULL,NULL,'UNKNOW',3,0),(00000001420,2,'',NULL,'987837906','1=beyond_f4bAcYX.sql2=p_7MQBUou.png','',1,NULL,NULL,NULL,NULL,NULL,'',NULL,NULL,NULL,'UNKNOW',3,0),(00000001421,2,'',NULL,'987837907','1=beyond_f4bAcYX.sql2=p_7MQBUou.png','',1,NULL,NULL,NULL,NULL,NULL,'',NULL,NULL,NULL,'UNKNOW',3,0),(00000001422,2,'',NULL,'987837908','1=beyond_f4bAcYX.sql2=p_7MQBUou.png','',1,NULL,NULL,NULL,NULL,NULL,'',NULL,NULL,NULL,'UNKNOW',3,0),(00000001423,2,'',NULL,'987837909','1=beyond_f4bAcYX.sql2=p_7MQBUou.png','',1,NULL,NULL,NULL,NULL,NULL,'',NULL,NULL,NULL,'UNKNOW',3,0),(00000001424,2,'',NULL,'987837910','1=beyond_f4bAcYX.sql2=p_7MQBUou.png','',1,NULL,NULL,NULL,NULL,NULL,'',NULL,NULL,NULL,'UNKNOW',3,0),(00000001425,2,'',NULL,'987837911','1=beyond_f4bAcYX.sql2=p_7MQBUou.png','',1,NULL,NULL,NULL,NULL,NULL,'',NULL,NULL,NULL,'UNKNOW',3,0),(00000001426,2,'',NULL,'987837912','1=beyond_f4bAcYX.sql2=p_7MQBUou.png','',1,NULL,NULL,NULL,NULL,NULL,'',NULL,NULL,NULL,'UNKNOW',3,0),(00000001427,2,'',NULL,'987837913','1=beyond_f4bAcYX.sql2=p_7MQBUou.png','',1,NULL,NULL,NULL,NULL,NULL,'',NULL,NULL,NULL,'UNKNOW',3,0),(00000001428,2,'',NULL,'987837914','1=beyond_f4bAcYX.sql2=p_7MQBUou.png','',1,NULL,NULL,NULL,NULL,NULL,'',NULL,NULL,NULL,'UNKNOW',3,0),(00000001429,2,'',NULL,'987837915','1=beyond_f4bAcYX.sql2=p_7MQBUou.png','',1,NULL,NULL,NULL,NULL,NULL,'',NULL,NULL,NULL,'UNKNOW',3,0),(00000001430,2,'',NULL,'987837916','1=beyond_f4bAcYX.sql2=p_7MQBUou.png','',1,NULL,NULL,NULL,NULL,NULL,'',NULL,NULL,NULL,'UNKNOW',3,0),(00000001431,2,'',NULL,'987837917','1=beyond_f4bAcYX.sql2=p_7MQBUou.png','',1,NULL,NULL,NULL,NULL,NULL,'',NULL,NULL,NULL,'UNKNOW',3,0),(00000001432,2,'','2015-12-15 16:16:49','987837900','1=beyond_gS1ZhTC.sql','',1,NULL,NULL,NULL,NULL,NULL,'',NULL,NULL,NULL,'UNKNOW',3,0),(00000001433,2,'','2015-12-15 16:16:49','987837900','1=beyond_gS1ZhTC.sql','',1,NULL,NULL,NULL,NULL,NULL,'',NULL,NULL,NULL,'UNKNOW',3,0),(00000001434,2,'','2015-12-15 16:16:49','987837901','1=beyond_gS1ZhTC.sql','',1,NULL,NULL,NULL,NULL,NULL,'',NULL,NULL,NULL,'UNKNOW',3,0),(00000001435,2,'','2015-12-15 16:16:49','987837902','1=beyond_gS1ZhTC.sql','',1,NULL,NULL,NULL,NULL,NULL,'',NULL,NULL,NULL,'UNKNOW',3,0),(00000001436,2,'','2015-12-15 16:16:49','987837903','1=beyond_gS1ZhTC.sql','',1,NULL,NULL,NULL,NULL,NULL,'',NULL,NULL,NULL,'UNKNOW',3,0),(00000001437,2,'','2015-12-15 16:16:49','987837904','1=beyond_gS1ZhTC.sql','',1,NULL,NULL,NULL,NULL,NULL,'',NULL,NULL,NULL,'UNKNOW',3,0),(00000001438,2,'','2015-12-15 16:16:49','987837905','1=beyond_gS1ZhTC.sql','',1,NULL,NULL,NULL,NULL,NULL,'',NULL,NULL,NULL,'UNKNOW',3,0),(00000001439,2,'','2015-12-15 16:16:49','987837906','1=beyond_gS1ZhTC.sql','',1,NULL,NULL,NULL,NULL,NULL,'',NULL,NULL,NULL,'UNKNOW',3,0),(00000001440,2,'','2015-12-15 16:16:49','987837907','1=beyond_gS1ZhTC.sql','',1,NULL,NULL,NULL,NULL,NULL,'',NULL,NULL,NULL,'UNKNOW',3,0),(00000001441,2,'','2015-12-15 16:16:49','987837908','1=beyond_gS1ZhTC.sql','',1,NULL,NULL,NULL,NULL,NULL,'',NULL,NULL,NULL,'UNKNOW',3,0),(00000001442,2,'','2015-12-15 16:16:49','987837909','1=beyond_gS1ZhTC.sql','',1,NULL,NULL,NULL,NULL,NULL,'',NULL,NULL,NULL,'UNKNOW',3,0),(00000001443,2,'','2015-12-15 16:16:49','987837910','1=beyond_gS1ZhTC.sql','',1,NULL,NULL,NULL,NULL,NULL,'',NULL,NULL,NULL,'UNKNOW',3,0),(00000001444,2,'','2015-12-15 16:16:49','987837911','1=beyond_gS1ZhTC.sql','',1,NULL,NULL,NULL,NULL,NULL,'',NULL,NULL,NULL,'UNKNOW',3,0),(00000001445,2,'','2015-12-15 16:16:49','987837912','1=beyond_gS1ZhTC.sql','',1,NULL,NULL,NULL,NULL,NULL,'',NULL,NULL,NULL,'UNKNOW',3,0),(00000001446,2,'','2015-12-15 16:16:49','987837913','1=beyond_gS1ZhTC.sql','',1,NULL,NULL,NULL,NULL,NULL,'',NULL,NULL,NULL,'UNKNOW',3,0),(00000001447,2,'','2015-12-15 16:16:49','987837914','1=beyond_gS1ZhTC.sql','',1,NULL,NULL,NULL,NULL,NULL,'',NULL,NULL,NULL,'UNKNOW',3,0),(00000001448,2,'','2015-12-15 16:16:49','987837915','1=beyond_gS1ZhTC.sql','',1,NULL,NULL,NULL,NULL,NULL,'',NULL,NULL,NULL,'UNKNOW',3,0),(00000001449,2,'','2015-12-15 16:16:49','987837916','1=beyond_gS1ZhTC.sql','',1,NULL,NULL,NULL,NULL,NULL,'',NULL,NULL,NULL,'UNKNOW',3,0),(00000001450,2,'','2015-12-15 16:16:49','987837917','1=beyond_gS1ZhTC.sql','',1,NULL,NULL,NULL,NULL,NULL,'',NULL,NULL,NULL,'UNKNOW',3,0),(00000001451,2,'','2015-12-15 11:18:09','987837900','1=dilootuoficial_ejcSdE6.psd2=base_h.sql','',1,NULL,NULL,NULL,NULL,NULL,'',NULL,NULL,NULL,'UNKNOW',3,0),(00000001452,2,'','2015-12-15 11:18:09','987837900','1=dilootuoficial_ejcSdE6.psd2=base_h.sql','',1,NULL,NULL,NULL,NULL,NULL,'',NULL,NULL,NULL,'UNKNOW',3,0),(00000001453,2,'','2015-12-15 11:18:09','987837901','1=dilootuoficial_ejcSdE6.psd2=base_h.sql','',1,NULL,NULL,NULL,NULL,NULL,'',NULL,NULL,NULL,'UNKNOW',3,0),(00000001454,2,'','2015-12-15 11:18:09','987837902','1=dilootuoficial_ejcSdE6.psd2=base_h.sql','',1,NULL,NULL,NULL,NULL,NULL,'',NULL,NULL,NULL,'UNKNOW',3,0),(00000001455,2,'','2015-12-15 11:18:09','987837903','1=dilootuoficial_ejcSdE6.psd2=base_h.sql','',1,NULL,NULL,NULL,NULL,NULL,'',NULL,NULL,NULL,'UNKNOW',3,0),(00000001456,2,'','2015-12-15 11:18:09','987837904','1=dilootuoficial_ejcSdE6.psd2=base_h.sql','',1,NULL,NULL,NULL,NULL,NULL,'',NULL,NULL,NULL,'UNKNOW',3,0),(00000001457,2,'','2015-12-15 11:18:10','987837905','1=dilootuoficial_ejcSdE6.psd2=base_h.sql','',1,NULL,NULL,NULL,NULL,NULL,'',NULL,NULL,NULL,'UNKNOW',3,0),(00000001458,2,'','2015-12-15 11:18:10','987837906','1=dilootuoficial_ejcSdE6.psd2=base_h.sql','',1,NULL,NULL,NULL,NULL,NULL,'',NULL,NULL,NULL,'UNKNOW',3,0),(00000001459,2,'','2015-12-15 11:18:10','987837907','1=dilootuoficial_ejcSdE6.psd2=base_h.sql','',1,NULL,NULL,NULL,NULL,NULL,'',NULL,NULL,NULL,'UNKNOW',3,0),(00000001460,2,'','2015-12-15 11:18:10','987837908','1=dilootuoficial_ejcSdE6.psd2=base_h.sql','',1,NULL,NULL,NULL,NULL,NULL,'',NULL,NULL,NULL,'UNKNOW',3,0),(00000001461,2,'','2015-12-15 11:18:10','987837909','1=dilootuoficial_ejcSdE6.psd2=base_h.sql','',1,NULL,NULL,NULL,NULL,NULL,'',NULL,NULL,NULL,'UNKNOW',3,0),(00000001462,2,'','2015-12-15 11:18:10','987837910','1=dilootuoficial_ejcSdE6.psd2=base_h.sql','',1,NULL,NULL,NULL,NULL,NULL,'',NULL,NULL,NULL,'UNKNOW',3,0),(00000001463,2,'','2015-12-15 11:18:10','987837911','1=dilootuoficial_ejcSdE6.psd2=base_h.sql','',1,NULL,NULL,NULL,NULL,NULL,'',NULL,NULL,NULL,'UNKNOW',3,0),(00000001464,2,'','2015-12-15 11:18:10','987837912','1=dilootuoficial_ejcSdE6.psd2=base_h.sql','',1,NULL,NULL,NULL,NULL,NULL,'',NULL,NULL,NULL,'UNKNOW',3,0),(00000001465,2,'','2015-12-15 11:18:10','987837913','1=dilootuoficial_ejcSdE6.psd2=base_h.sql','',1,NULL,NULL,NULL,NULL,NULL,'',NULL,NULL,NULL,'UNKNOW',3,0),(00000001466,2,'','2015-12-15 11:18:10','987837914','1=dilootuoficial_ejcSdE6.psd2=base_h.sql','',1,NULL,NULL,NULL,NULL,NULL,'',NULL,NULL,NULL,'UNKNOW',3,0),(00000001467,2,'','2015-12-15 11:18:10','987837915','1=dilootuoficial_ejcSdE6.psd2=base_h.sql','',1,NULL,NULL,NULL,NULL,NULL,'',NULL,NULL,NULL,'UNKNOW',3,0),(00000001468,2,'','2015-12-15 11:18:10','987837916','1=dilootuoficial_ejcSdE6.psd2=base_h.sql','',1,NULL,NULL,NULL,NULL,NULL,'',NULL,NULL,NULL,'UNKNOW',3,0),(00000001469,2,'','2015-12-15 11:18:10','987837917','1=dilootuoficial_ejcSdE6.psd2=base_h.sql','',1,NULL,NULL,NULL,NULL,NULL,'',NULL,NULL,NULL,'UNKNOW',3,0),(00000001470,2,'','2015-12-15 11:39:19','987837900','1=dilootuoficial_E10dLsD.psd2=one2one_gKkVnRD.sql','',1,NULL,NULL,NULL,NULL,NULL,'',NULL,NULL,NULL,'Patos Locos',3,0),(00000001471,2,'','2015-12-15 11:39:19','987837900','1=dilootuoficial_E10dLsD.psd2=one2one_gKkVnRD.sql','',1,NULL,NULL,NULL,NULL,NULL,'',NULL,NULL,NULL,'Patos Locos',3,0),(00000001472,2,'','2015-12-15 11:39:19','987837901','1=dilootuoficial_E10dLsD.psd2=one2one_gKkVnRD.sql','',1,NULL,NULL,NULL,NULL,NULL,'',NULL,NULL,NULL,'Patos Locos',3,0),(00000001473,2,'','2015-12-15 11:39:19','987837902','1=dilootuoficial_E10dLsD.psd2=one2one_gKkVnRD.sql','',1,NULL,NULL,NULL,NULL,NULL,'',NULL,NULL,NULL,'Patos Locos',3,0),(00000001474,2,'','2015-12-15 11:39:19','987837903','1=dilootuoficial_E10dLsD.psd2=one2one_gKkVnRD.sql','',1,NULL,NULL,NULL,NULL,NULL,'',NULL,NULL,NULL,'Patos Locos',3,0),(00000001475,2,'','2015-12-15 11:39:19','987837904','1=dilootuoficial_E10dLsD.psd2=one2one_gKkVnRD.sql','',1,NULL,NULL,NULL,NULL,NULL,'',NULL,NULL,NULL,'Patos Locos',3,0),(00000001476,2,'','2015-12-15 11:39:19','987837905','1=dilootuoficial_E10dLsD.psd2=one2one_gKkVnRD.sql','',1,NULL,NULL,NULL,NULL,NULL,'',NULL,NULL,NULL,'Patos Locos',3,0),(00000001477,2,'','2015-12-15 11:39:19','987837906','1=dilootuoficial_E10dLsD.psd2=one2one_gKkVnRD.sql','',1,NULL,NULL,NULL,NULL,NULL,'',NULL,NULL,NULL,'Patos Locos',3,0),(00000001478,2,'','2015-12-15 11:39:19','987837907','1=dilootuoficial_E10dLsD.psd2=one2one_gKkVnRD.sql','',1,NULL,NULL,NULL,NULL,NULL,'',NULL,NULL,NULL,'Patos Locos',3,0),(00000001479,2,'','2015-12-15 11:39:19','987837908','1=dilootuoficial_E10dLsD.psd2=one2one_gKkVnRD.sql','',1,NULL,NULL,NULL,NULL,NULL,'',NULL,NULL,NULL,'Patos Locos',3,0),(00000001480,2,'','2015-12-15 11:39:19','987837909','1=dilootuoficial_E10dLsD.psd2=one2one_gKkVnRD.sql','',1,NULL,NULL,NULL,NULL,NULL,'',NULL,NULL,NULL,'Patos Locos',3,0),(00000001481,2,'','2015-12-15 11:39:19','987837910','1=dilootuoficial_E10dLsD.psd2=one2one_gKkVnRD.sql','',1,NULL,NULL,NULL,NULL,NULL,'',NULL,NULL,NULL,'Patos Locos',3,0),(00000001482,2,'','2015-12-15 11:39:20','987837911','1=dilootuoficial_E10dLsD.psd2=one2one_gKkVnRD.sql','',1,NULL,NULL,NULL,NULL,NULL,'',NULL,NULL,NULL,'Patos Locos',3,0),(00000001483,2,'','2015-12-15 11:39:20','987837912','1=dilootuoficial_E10dLsD.psd2=one2one_gKkVnRD.sql','',1,NULL,NULL,NULL,NULL,NULL,'',NULL,NULL,NULL,'Patos Locos',3,0),(00000001484,2,'','2015-12-15 11:39:20','987837913','1=dilootuoficial_E10dLsD.psd2=one2one_gKkVnRD.sql','',1,NULL,NULL,NULL,NULL,NULL,'',NULL,NULL,NULL,'Patos Locos',3,0),(00000001485,2,'','2015-12-15 11:39:20','987837914','1=dilootuoficial_E10dLsD.psd2=one2one_gKkVnRD.sql','',1,NULL,NULL,NULL,NULL,NULL,'',NULL,NULL,NULL,'Patos Locos',3,0),(00000001486,2,'','2015-12-15 11:39:20','987837915','1=dilootuoficial_E10dLsD.psd2=one2one_gKkVnRD.sql','',1,NULL,NULL,NULL,NULL,NULL,'',NULL,NULL,NULL,'Patos Locos',3,0),(00000001487,2,'','2015-12-15 11:39:20','987837916','1=dilootuoficial_E10dLsD.psd2=one2one_gKkVnRD.sql','',1,NULL,NULL,NULL,NULL,NULL,'',NULL,NULL,NULL,'Patos Locos',3,0),(00000001488,2,'','2015-12-15 11:39:20','987837917','1=dilootuoficial_E10dLsD.psd2=one2one_gKkVnRD.sql','',1,NULL,NULL,NULL,NULL,NULL,'',NULL,NULL,NULL,'Patos Locos',3,0),(00000001489,2,'','2015-12-15 11:44:59','987837900','1=dilootuoficial_FA05L7K.psd2=p_2vUKHxL.png','',1,NULL,NULL,NULL,NULL,NULL,'',NULL,NULL,NULL,'Patos Locos',3,0),(00000001490,2,'','2015-12-15 11:44:59','987837900','1=dilootuoficial_FA05L7K.psd2=p_2vUKHxL.png','',1,NULL,NULL,NULL,NULL,NULL,'',NULL,NULL,NULL,'Patos Locos',3,0),(00000001491,2,'','2015-12-15 11:44:59','987837901','1=dilootuoficial_FA05L7K.psd2=p_2vUKHxL.png','',1,NULL,NULL,NULL,NULL,NULL,'',NULL,NULL,NULL,'Patos Locos',3,0),(00000001492,2,'','2015-12-15 11:44:59','987837902','1=dilootuoficial_FA05L7K.psd2=p_2vUKHxL.png','',1,NULL,NULL,NULL,NULL,NULL,'',NULL,NULL,NULL,'Patos Locos',3,0),(00000001493,2,'','2015-12-15 11:44:59','987837903','1=dilootuoficial_FA05L7K.psd2=p_2vUKHxL.png','',1,NULL,NULL,NULL,NULL,NULL,'',NULL,NULL,NULL,'Patos Locos',3,0),(00000001494,2,'','2015-12-15 11:44:59','987837904','1=dilootuoficial_FA05L7K.psd2=p_2vUKHxL.png','',1,NULL,NULL,NULL,NULL,NULL,'',NULL,NULL,NULL,'Patos Locos',3,0),(00000001495,2,'','2015-12-15 11:45:00','987837905','1=dilootuoficial_FA05L7K.psd2=p_2vUKHxL.png','',1,NULL,NULL,NULL,NULL,NULL,'',NULL,NULL,NULL,'Patos Locos',3,0),(00000001496,2,'','2015-12-15 11:45:00','987837906','1=dilootuoficial_FA05L7K.psd2=p_2vUKHxL.png','',1,NULL,NULL,NULL,NULL,NULL,'',NULL,NULL,NULL,'Patos Locos',3,0),(00000001497,2,'','2015-12-15 11:45:00','987837907','1=dilootuoficial_FA05L7K.psd2=p_2vUKHxL.png','',1,NULL,NULL,NULL,NULL,NULL,'',NULL,NULL,NULL,'Patos Locos',3,0),(00000001498,2,'','2015-12-15 11:45:00','987837908','1=dilootuoficial_FA05L7K.psd2=p_2vUKHxL.png','',1,NULL,NULL,NULL,NULL,NULL,'',NULL,NULL,NULL,'Patos Locos',3,0),(00000001499,2,'','2015-12-15 11:45:00','987837909','1=dilootuoficial_FA05L7K.psd2=p_2vUKHxL.png','',1,NULL,NULL,NULL,NULL,NULL,'',NULL,NULL,NULL,'Patos Locos',3,0),(00000001500,2,'','2015-12-15 11:45:00','987837910','1=dilootuoficial_FA05L7K.psd2=p_2vUKHxL.png','',1,NULL,NULL,NULL,NULL,NULL,'',NULL,NULL,NULL,'Patos Locos',3,0),(00000001501,2,'','2015-12-15 11:45:00','987837911','1=dilootuoficial_FA05L7K.psd2=p_2vUKHxL.png','',1,NULL,NULL,NULL,NULL,NULL,'',NULL,NULL,NULL,'Patos Locos',3,0),(00000001502,2,'','2015-12-15 11:45:00','987837912','1=dilootuoficial_FA05L7K.psd2=p_2vUKHxL.png','',1,NULL,NULL,NULL,NULL,NULL,'',NULL,NULL,NULL,'Patos Locos',3,0),(00000001503,2,'','2015-12-15 11:45:00','987837913','1=dilootuoficial_FA05L7K.psd2=p_2vUKHxL.png','',1,NULL,NULL,NULL,NULL,NULL,'',NULL,NULL,NULL,'Patos Locos',3,0),(00000001504,2,'','2015-12-15 11:45:00','987837914','1=dilootuoficial_FA05L7K.psd2=p_2vUKHxL.png','',1,NULL,NULL,NULL,NULL,NULL,'',NULL,NULL,NULL,'Patos Locos',3,0),(00000001505,2,'','2015-12-15 11:45:00','987837915','1=dilootuoficial_FA05L7K.psd2=p_2vUKHxL.png','',1,NULL,NULL,NULL,NULL,NULL,'',NULL,NULL,NULL,'Patos Locos',3,0),(00000001506,2,'','2015-12-15 11:45:00','987837916','1=dilootuoficial_FA05L7K.psd2=p_2vUKHxL.png','',1,NULL,NULL,NULL,NULL,NULL,'',NULL,NULL,NULL,'Patos Locos',3,0),(00000001507,2,'','2015-12-15 11:45:00','987837917','1=dilootuoficial_FA05L7K.psd2=p_2vUKHxL.png','',1,NULL,NULL,NULL,NULL,NULL,'',NULL,NULL,NULL,'Patos Locos',3,0),(00000001508,2,'','2015-12-15 12:28:09','987837900','1=Modelamiento_PC_Observaciones_2_9tOWT7K.xlsx','',1,NULL,NULL,NULL,NULL,NULL,'',NULL,NULL,NULL,'Esto es una base',3,0),(00000001509,2,'','2015-12-15 12:28:09','987837900','1=Modelamiento_PC_Observaciones_2_9tOWT7K.xlsx','',1,NULL,NULL,NULL,NULL,NULL,'',NULL,NULL,NULL,'Esto es una base',3,0),(00000001510,2,'','2015-12-15 12:28:09','987837901','1=Modelamiento_PC_Observaciones_2_9tOWT7K.xlsx','',1,NULL,NULL,NULL,NULL,NULL,'',NULL,NULL,NULL,'Esto es una base',3,0),(00000001511,2,'','2015-12-15 12:28:09','987837902','1=Modelamiento_PC_Observaciones_2_9tOWT7K.xlsx','',1,NULL,NULL,NULL,NULL,NULL,'',NULL,NULL,NULL,'Esto es una base',3,0),(00000001512,2,'','2015-12-15 12:28:09','987837903','1=Modelamiento_PC_Observaciones_2_9tOWT7K.xlsx','',1,NULL,NULL,NULL,NULL,NULL,'',NULL,NULL,NULL,'Esto es una base',3,0),(00000001513,2,'','2015-12-15 12:28:09','987837904','1=Modelamiento_PC_Observaciones_2_9tOWT7K.xlsx','',1,NULL,NULL,NULL,NULL,NULL,'',NULL,NULL,NULL,'Esto es una base',3,0),(00000001514,2,'','2015-12-15 12:28:09','987837905','1=Modelamiento_PC_Observaciones_2_9tOWT7K.xlsx','',1,NULL,NULL,NULL,NULL,NULL,'',NULL,NULL,NULL,'Esto es una base',3,0),(00000001515,2,'','2015-12-15 12:28:09','987837906','1=Modelamiento_PC_Observaciones_2_9tOWT7K.xlsx','',1,NULL,NULL,NULL,NULL,NULL,'',NULL,NULL,NULL,'Esto es una base',3,0),(00000001516,2,'','2015-12-15 12:28:09','987837907','1=Modelamiento_PC_Observaciones_2_9tOWT7K.xlsx','',1,NULL,NULL,NULL,NULL,NULL,'',NULL,NULL,NULL,'Esto es una base',3,0),(00000001517,2,'','2015-12-15 12:28:09','987837908','1=Modelamiento_PC_Observaciones_2_9tOWT7K.xlsx','',1,NULL,NULL,NULL,NULL,NULL,'',NULL,NULL,NULL,'Esto es una base',3,0),(00000001518,2,'','2015-12-15 12:28:09','987837909','1=Modelamiento_PC_Observaciones_2_9tOWT7K.xlsx','',1,NULL,NULL,NULL,NULL,NULL,'',NULL,NULL,NULL,'Esto es una base',3,0),(00000001519,2,'','2015-12-15 12:28:09','987837910','1=Modelamiento_PC_Observaciones_2_9tOWT7K.xlsx','',1,NULL,NULL,NULL,NULL,NULL,'',NULL,NULL,NULL,'Esto es una base',3,0),(00000001520,2,'','2015-12-15 12:28:09','987837911','1=Modelamiento_PC_Observaciones_2_9tOWT7K.xlsx','',1,NULL,NULL,NULL,NULL,NULL,'',NULL,NULL,NULL,'Esto es una base',3,0),(00000001521,2,'','2015-12-15 12:28:09','987837912','1=Modelamiento_PC_Observaciones_2_9tOWT7K.xlsx','',1,NULL,NULL,NULL,NULL,NULL,'',NULL,NULL,NULL,'Esto es una base',3,0),(00000001522,2,'','2015-12-15 12:28:09','987837913','1=Modelamiento_PC_Observaciones_2_9tOWT7K.xlsx','',1,NULL,NULL,NULL,NULL,NULL,'',NULL,NULL,NULL,'Esto es una base',3,0),(00000001523,2,'','2015-12-15 12:28:09','987837914','1=Modelamiento_PC_Observaciones_2_9tOWT7K.xlsx','',1,NULL,NULL,NULL,NULL,NULL,'',NULL,NULL,NULL,'Esto es una base',3,0),(00000001524,2,'','2015-12-15 12:28:09','987837915','1=Modelamiento_PC_Observaciones_2_9tOWT7K.xlsx','',1,NULL,NULL,NULL,NULL,NULL,'',NULL,NULL,NULL,'Esto es una base',3,0),(00000001525,2,'','2015-12-15 12:28:09','987837916','1=Modelamiento_PC_Observaciones_2_9tOWT7K.xlsx','',1,NULL,NULL,NULL,NULL,NULL,'',NULL,NULL,NULL,'Esto es una base',3,0),(00000001526,2,'','2015-12-15 12:28:09','987837917','1=Modelamiento_PC_Observaciones_2_9tOWT7K.xlsx','',1,NULL,NULL,NULL,NULL,NULL,'',NULL,NULL,NULL,'Esto es una base',3,0),(00000001527,2,'','2015-12-15 12:30:15','u\'telefono\'','1=Modelamiento_PC_Observaciones_2_433hZTk.xlsx','',1,NULL,NULL,NULL,NULL,NULL,'',NULL,NULL,NULL,'Los Alamos',3,0),(00000001528,2,'','2015-12-15 12:30:16','u\'nombre\'','1=Modelamiento_PC_Observaciones_2_433hZTk.xlsx','',1,NULL,NULL,NULL,NULL,NULL,'',NULL,NULL,NULL,'Los Alamos',3,0),(00000001529,2,'','2015-12-15 12:30:16','987837900','1=Modelamiento_PC_Observaciones_2_433hZTk.xlsx','',1,NULL,NULL,NULL,NULL,NULL,'',NULL,NULL,NULL,'Los Alamos',3,0),(00000001530,2,'','2015-12-15 12:30:16','u\'Eugenio\'','1=Modelamiento_PC_Observaciones_2_433hZTk.xlsx','',1,NULL,NULL,NULL,NULL,NULL,'',NULL,NULL,NULL,'Los Alamos',3,0),(00000001531,2,'','2015-12-15 12:30:16','947453556','1=Modelamiento_PC_Observaciones_2_433hZTk.xlsx','',1,NULL,NULL,NULL,NULL,NULL,'',NULL,NULL,NULL,'Los Alamos',3,0),(00000001532,2,'','2015-12-15 12:30:16','u\'Nicolas\'','1=Modelamiento_PC_Observaciones_2_433hZTk.xlsx','',1,NULL,NULL,NULL,NULL,NULL,'',NULL,NULL,NULL,'Los Alamos',3,0),(00000001533,2,'','2015-12-15 12:30:32','u\'telefono\'','1=Perucall_modificaciones__5_uhgOp5f.docx','',1,NULL,NULL,NULL,NULL,NULL,'',NULL,NULL,NULL,'Los Alamos',3,0),(00000001534,2,'','2015-12-15 12:30:32','u\'nombre\'','1=Perucall_modificaciones__5_uhgOp5f.docx','',1,NULL,NULL,NULL,NULL,NULL,'',NULL,NULL,NULL,'Los Alamos',3,0),(00000001535,2,'','2015-12-15 12:30:32','987837900','1=Perucall_modificaciones__5_uhgOp5f.docx','',1,NULL,NULL,NULL,NULL,NULL,'',NULL,NULL,NULL,'Los Alamos',3,0),(00000001536,2,'','2015-12-15 12:30:32','u\'Eugenio\'','1=Perucall_modificaciones__5_uhgOp5f.docx','',1,NULL,NULL,NULL,NULL,NULL,'',NULL,NULL,NULL,'Los Alamos',3,0),(00000001537,2,'','2015-12-15 12:30:32','947453556','1=Perucall_modificaciones__5_uhgOp5f.docx','',1,NULL,NULL,NULL,NULL,NULL,'',NULL,NULL,NULL,'Los Alamos',3,0),(00000001538,2,'','2015-12-15 12:30:32','u\'Nicolas\'','1=Perucall_modificaciones__5_uhgOp5f.docx','',1,NULL,NULL,NULL,NULL,NULL,'',NULL,NULL,NULL,'Los Alamos',3,0),(00000001539,2,'','2015-12-15 12:32:34','u\'telefono\'','1=Perucall_modificaciones__5_MgqfYSZ.docx','',1,NULL,NULL,NULL,NULL,NULL,'',NULL,NULL,NULL,'Los Alamos',3,0),(00000001540,2,'','2015-12-15 12:32:34','u\'nombre\'','1=Perucall_modificaciones__5_MgqfYSZ.docx','',1,NULL,NULL,NULL,NULL,NULL,'',NULL,NULL,NULL,'Los Alamos',3,0),(00000001541,2,'','2015-12-15 12:32:34','987837900','1=Perucall_modificaciones__5_MgqfYSZ.docx','',1,NULL,NULL,NULL,NULL,NULL,'',NULL,NULL,NULL,'Los Alamos',3,0),(00000001542,2,'','2015-12-15 12:32:34','u\'Eugenio\'','1=Perucall_modificaciones__5_MgqfYSZ.docx','',1,NULL,NULL,NULL,NULL,NULL,'',NULL,NULL,NULL,'Los Alamos',3,0),(00000001543,2,'','2015-12-15 12:32:34','947453556','1=Perucall_modificaciones__5_MgqfYSZ.docx','',1,NULL,NULL,NULL,NULL,NULL,'',NULL,NULL,NULL,'Los Alamos',3,0),(00000001544,2,'','2015-12-15 12:32:34','u\'Nicolas\'','1=Perucall_modificaciones__5_MgqfYSZ.docx','',1,NULL,NULL,NULL,NULL,NULL,'',NULL,NULL,NULL,'Los Alamos',3,0),(00000001545,2,'','2015-12-15 12:33:27','987837900','1=prueba_nueva_plataforma_mx3a3K5.xlsx','',1,NULL,NULL,NULL,NULL,NULL,'',NULL,NULL,NULL,'Los Alamos',3,0),(00000001546,2,'','2015-12-15 12:33:27','987837900','1=prueba_nueva_plataforma_mx3a3K5.xlsx','',1,NULL,NULL,NULL,NULL,NULL,'',NULL,NULL,NULL,'Los Alamos',3,0),(00000001547,2,'','2015-12-15 12:33:27','987837901','1=prueba_nueva_plataforma_mx3a3K5.xlsx','',1,NULL,NULL,NULL,NULL,NULL,'',NULL,NULL,NULL,'Los Alamos',3,0),(00000001548,2,'','2015-12-15 12:33:27','987837902','1=prueba_nueva_plataforma_mx3a3K5.xlsx','',1,NULL,NULL,NULL,NULL,NULL,'',NULL,NULL,NULL,'Los Alamos',3,0),(00000001549,2,'','2015-12-15 12:33:27','987837903','1=prueba_nueva_plataforma_mx3a3K5.xlsx','',1,NULL,NULL,NULL,NULL,NULL,'',NULL,NULL,NULL,'Los Alamos',3,0),(00000001550,2,'','2015-12-15 12:33:27','987837904','1=prueba_nueva_plataforma_mx3a3K5.xlsx','',1,NULL,NULL,NULL,NULL,NULL,'',NULL,NULL,NULL,'Los Alamos',3,0),(00000001551,2,'','2015-12-15 12:33:27','987837905','1=prueba_nueva_plataforma_mx3a3K5.xlsx','',1,NULL,NULL,NULL,NULL,NULL,'',NULL,NULL,NULL,'Los Alamos',3,0),(00000001552,2,'','2015-12-15 12:33:27','987837906','1=prueba_nueva_plataforma_mx3a3K5.xlsx','',1,NULL,NULL,NULL,NULL,NULL,'',NULL,NULL,NULL,'Los Alamos',3,0),(00000001553,2,'','2015-12-15 12:33:27','987837907','1=prueba_nueva_plataforma_mx3a3K5.xlsx','',1,NULL,NULL,NULL,NULL,NULL,'',NULL,NULL,NULL,'Los Alamos',3,0),(00000001554,2,'','2015-12-15 12:33:27','987837908','1=prueba_nueva_plataforma_mx3a3K5.xlsx','',1,NULL,NULL,NULL,NULL,NULL,'',NULL,NULL,NULL,'Los Alamos',3,0),(00000001555,2,'','2015-12-15 12:33:27','987837909','1=prueba_nueva_plataforma_mx3a3K5.xlsx','',1,NULL,NULL,NULL,NULL,NULL,'',NULL,NULL,NULL,'Los Alamos',3,0),(00000001556,2,'','2015-12-15 12:33:27','987837910','1=prueba_nueva_plataforma_mx3a3K5.xlsx','',1,NULL,NULL,NULL,NULL,NULL,'',NULL,NULL,NULL,'Los Alamos',3,0),(00000001557,2,'','2015-12-15 12:33:27','987837911','1=prueba_nueva_plataforma_mx3a3K5.xlsx','',1,NULL,NULL,NULL,NULL,NULL,'',NULL,NULL,NULL,'Los Alamos',3,0),(00000001558,2,'','2015-12-15 12:33:27','987837912','1=prueba_nueva_plataforma_mx3a3K5.xlsx','',1,NULL,NULL,NULL,NULL,NULL,'',NULL,NULL,NULL,'Los Alamos',3,0),(00000001559,2,'','2015-12-15 12:33:27','987837913','1=prueba_nueva_plataforma_mx3a3K5.xlsx','',1,NULL,NULL,NULL,NULL,NULL,'',NULL,NULL,NULL,'Los Alamos',3,0),(00000001560,2,'','2015-12-15 12:33:27','987837914','1=prueba_nueva_plataforma_mx3a3K5.xlsx','',1,NULL,NULL,NULL,NULL,NULL,'',NULL,NULL,NULL,'Los Alamos',3,0),(00000001561,2,'','2015-12-15 12:33:27','987837915','1=prueba_nueva_plataforma_mx3a3K5.xlsx','',1,NULL,NULL,NULL,NULL,NULL,'',NULL,NULL,NULL,'Los Alamos',3,0),(00000001562,2,'','2015-12-15 12:33:27','987837916','1=prueba_nueva_plataforma_mx3a3K5.xlsx','',1,NULL,NULL,NULL,NULL,NULL,'',NULL,NULL,NULL,'Los Alamos',3,0),(00000001563,2,'','2015-12-15 12:33:27','987837917','1=prueba_nueva_plataforma_mx3a3K5.xlsx','',1,NULL,NULL,NULL,NULL,NULL,'',NULL,NULL,NULL,'Los Alamos',3,0),(00000001564,2,'','2015-12-15 12:34:41','996867686','1=Modelamiento_PC_Observaciones_A3SYr0I.xlsx','',1,NULL,NULL,NULL,NULL,NULL,'',NULL,NULL,NULL,'Patos Locos',3,0),(00000001565,2,'','2015-12-15 12:34:41','1','1=Modelamiento_PC_Observaciones_A3SYr0I.xlsx','',1,NULL,NULL,NULL,NULL,NULL,'',NULL,NULL,NULL,'Patos Locos',3,0),(00000001566,2,'','2015-12-15 12:34:41','u\'PITILLO BENAVIDES\'','1=Modelamiento_PC_Observaciones_A3SYr0I.xlsx','',1,NULL,NULL,NULL,NULL,NULL,'',NULL,NULL,NULL,'Patos Locos',3,0),(00000001567,2,'','2015-12-15 12:34:41','41909034','1=Modelamiento_PC_Observaciones_A3SYr0I.xlsx','',1,NULL,NULL,NULL,NULL,NULL,'',NULL,NULL,NULL,'Patos Locos',3,0),(00000001568,2,'','2015-12-15 12:34:41','u\'VISA CLASICA\'','1=Modelamiento_PC_Observaciones_A3SYr0I.xlsx','',1,NULL,NULL,NULL,NULL,NULL,'',NULL,NULL,NULL,'Patos Locos',3,0),(00000001569,2,'','2015-12-15 12:34:41','u\'4457896457851660\'','1=Modelamiento_PC_Observaciones_A3SYr0I.xlsx','',1,NULL,NULL,NULL,NULL,NULL,'',NULL,NULL,NULL,'Patos Locos',3,0),(00000001570,2,'','2015-12-15 12:34:41','9671','1=Modelamiento_PC_Observaciones_A3SYr0I.xlsx','',1,NULL,NULL,NULL,NULL,NULL,'',NULL,NULL,NULL,'Patos Locos',3,0),(00000001571,2,'','2015-12-15 12:34:41','8634','1=Modelamiento_PC_Observaciones_A3SYr0I.xlsx','',1,NULL,NULL,NULL,NULL,NULL,'',NULL,NULL,NULL,'Patos Locos',3,0),(00000001572,2,'','2015-12-15 12:34:41','36','1=Modelamiento_PC_Observaciones_A3SYr0I.xlsx','',1,NULL,NULL,NULL,NULL,NULL,'',NULL,NULL,NULL,'Patos Locos',3,0),(00000001573,2,'','2015-12-15 12:34:41','u\'AREQUIPA\'','1=Modelamiento_PC_Observaciones_A3SYr0I.xlsx','',1,NULL,NULL,NULL,NULL,NULL,'',NULL,NULL,NULL,'Patos Locos',3,0),(00000001574,2,'','2015-12-15 12:34:41','u\'DIRECTO\'','1=Modelamiento_PC_Observaciones_A3SYr0I.xlsx','',1,NULL,NULL,NULL,NULL,NULL,'',NULL,NULL,NULL,'Patos Locos',3,0),(00000001575,2,'','2015-12-15 12:34:41','u\'SCORE A\'','1=Modelamiento_PC_Observaciones_A3SYr0I.xlsx','',1,NULL,NULL,NULL,NULL,NULL,'',NULL,NULL,NULL,'Patos Locos',3,0),(00000001576,2,'','2015-12-15 12:34:41','979864789','1=Modelamiento_PC_Observaciones_A3SYr0I.xlsx','',1,NULL,NULL,NULL,NULL,NULL,'',NULL,NULL,NULL,'Patos Locos',3,0),(00000001577,2,'','2015-12-15 12:34:41','2','1=Modelamiento_PC_Observaciones_A3SYr0I.xlsx','',1,NULL,NULL,NULL,NULL,NULL,'',NULL,NULL,NULL,'Patos Locos',3,0),(00000001578,2,'','2015-12-15 12:34:41','u\'PITILLO BENAVIDES\'','1=Modelamiento_PC_Observaciones_A3SYr0I.xlsx','',1,NULL,NULL,NULL,NULL,NULL,'',NULL,NULL,NULL,'Patos Locos',3,0),(00000001579,2,'','2015-12-15 12:34:41','41909034','1=Modelamiento_PC_Observaciones_A3SYr0I.xlsx','',1,NULL,NULL,NULL,NULL,NULL,'',NULL,NULL,NULL,'Patos Locos',3,0),(00000001580,2,'','2015-12-15 12:34:41','u\'MASTERCARD ORO\'','1=Modelamiento_PC_Observaciones_A3SYr0I.xlsx','',1,NULL,NULL,NULL,NULL,NULL,'',NULL,NULL,NULL,'Patos Locos',3,0),(00000001581,2,'','2015-12-15 12:34:41','u\'5598676334682245\'','1=Modelamiento_PC_Observaciones_A3SYr0I.xlsx','',1,NULL,NULL,NULL,NULL,NULL,'',NULL,NULL,NULL,'Patos Locos',3,0),(00000001582,2,'','2015-12-15 12:34:41','6789','1=Modelamiento_PC_Observaciones_A3SYr0I.xlsx','',1,NULL,NULL,NULL,NULL,NULL,'',NULL,NULL,NULL,'Patos Locos',3,0),(00000001583,2,'','2015-12-15 12:34:41','5987','1=Modelamiento_PC_Observaciones_A3SYr0I.xlsx','',1,NULL,NULL,NULL,NULL,NULL,'',NULL,NULL,NULL,'Patos Locos',3,0),(00000001584,2,'','2015-12-15 12:34:42','15','1=Modelamiento_PC_Observaciones_A3SYr0I.xlsx','',1,NULL,NULL,NULL,NULL,NULL,'',NULL,NULL,NULL,'Patos Locos',3,0),(00000001585,2,'','2015-12-15 12:34:42','u\'AREQUIPA\'','1=Modelamiento_PC_Observaciones_A3SYr0I.xlsx','',1,NULL,NULL,NULL,NULL,NULL,'',NULL,NULL,NULL,'Patos Locos',3,0),(00000001586,2,'','2015-12-15 12:34:42','u\'DIRECTO\'','1=Modelamiento_PC_Observaciones_A3SYr0I.xlsx','',1,NULL,NULL,NULL,NULL,NULL,'',NULL,NULL,NULL,'Patos Locos',3,0),(00000001587,2,'','2015-12-15 12:34:42','u\'SCORE A\'','1=Modelamiento_PC_Observaciones_A3SYr0I.xlsx','',1,NULL,NULL,NULL,NULL,NULL,'',NULL,NULL,NULL,'Patos Locos',3,0),(00000001588,2,'','2015-12-15 12:34:42','975874897','1=Modelamiento_PC_Observaciones_A3SYr0I.xlsx','',1,NULL,NULL,NULL,NULL,NULL,'',NULL,NULL,NULL,'Patos Locos',3,0),(00000001589,2,'','2015-12-15 12:34:42','1','1=Modelamiento_PC_Observaciones_A3SYr0I.xlsx','',1,NULL,NULL,NULL,NULL,NULL,'',NULL,NULL,NULL,'Patos Locos',3,0),(00000001590,2,'','2015-12-15 12:34:42','u\'TOTO TERRY\'','1=Modelamiento_PC_Observaciones_A3SYr0I.xlsx','',1,NULL,NULL,NULL,NULL,NULL,'',NULL,NULL,NULL,'Patos Locos',3,0),(00000001591,2,'','2015-12-15 12:34:42','67985478','1=Modelamiento_PC_Observaciones_A3SYr0I.xlsx','',1,NULL,NULL,NULL,NULL,NULL,'',NULL,NULL,NULL,'Patos Locos',3,0),(00000001592,2,'','2015-12-15 12:34:42','u\'AMERICAN EXPRESS\'','1=Modelamiento_PC_Observaciones_A3SYr0I.xlsx','',1,NULL,NULL,NULL,NULL,NULL,'',NULL,NULL,NULL,'Patos Locos',3,0),(00000001593,2,'','2015-12-15 12:34:42','u\'6689745898756981\'','1=Modelamiento_PC_Observaciones_A3SYr0I.xlsx','',1,NULL,NULL,NULL,NULL,NULL,'',NULL,NULL,NULL,'Patos Locos',3,0),(00000001594,2,'','2015-12-15 12:34:42','1687','1=Modelamiento_PC_Observaciones_A3SYr0I.xlsx','',1,NULL,NULL,NULL,NULL,NULL,'',NULL,NULL,NULL,'Patos Locos',3,0),(00000001595,2,'','2015-12-15 12:34:42','1168','1=Modelamiento_PC_Observaciones_A3SYr0I.xlsx','',1,NULL,NULL,NULL,NULL,NULL,'',NULL,NULL,NULL,'Patos Locos',3,0),(00000001596,2,'','2015-12-15 12:34:42','67','1=Modelamiento_PC_Observaciones_A3SYr0I.xlsx','',1,NULL,NULL,NULL,NULL,NULL,'',NULL,NULL,NULL,'Patos Locos',3,0),(00000001597,2,'','2015-12-15 12:34:42','u\'AYACUCHO\'','1=Modelamiento_PC_Observaciones_A3SYr0I.xlsx','',1,NULL,NULL,NULL,NULL,NULL,'',NULL,NULL,NULL,'Patos Locos',3,0),(00000001598,2,'','2015-12-15 12:34:42','u\'INDIRECTO\'','1=Modelamiento_PC_Observaciones_A3SYr0I.xlsx','',1,NULL,NULL,NULL,NULL,NULL,'',NULL,NULL,NULL,'Patos Locos',3,0),(00000001599,2,'','2015-12-15 12:34:42','u\'SCORE C\'','1=Modelamiento_PC_Observaciones_A3SYr0I.xlsx','',1,NULL,NULL,NULL,NULL,NULL,'',NULL,NULL,NULL,'Patos Locos',3,0),(00000001600,2,'','2015-12-15 12:34:42','943215048','1=Modelamiento_PC_Observaciones_A3SYr0I.xlsx','',1,NULL,NULL,NULL,NULL,NULL,'',NULL,NULL,NULL,'Patos Locos',3,0),(00000001601,2,'','2015-12-15 12:34:42','1','1=Modelamiento_PC_Observaciones_A3SYr0I.xlsx','',1,NULL,NULL,NULL,NULL,NULL,'',NULL,NULL,NULL,'Patos Locos',3,0),(00000001602,2,'','2015-12-15 12:34:42','u\'ALBERTO BEINGOLEA\'','1=Modelamiento_PC_Observaciones_A3SYr0I.xlsx','',1,NULL,NULL,NULL,NULL,NULL,'',NULL,NULL,NULL,'Patos Locos',3,0),(00000001603,2,'','2015-12-15 12:34:42','88749235','1=Modelamiento_PC_Observaciones_A3SYr0I.xlsx','',1,NULL,NULL,NULL,NULL,NULL,'',NULL,NULL,NULL,'Patos Locos',3,0),(00000001604,2,'','2015-12-15 12:34:43','u\'PRESTAMO PERSONAL\'','1=Modelamiento_PC_Observaciones_A3SYr0I.xlsx','',1,NULL,NULL,NULL,NULL,NULL,'',NULL,NULL,NULL,'Patos Locos',3,0),(00000001605,2,'','2015-12-15 12:34:43','u\'00026987469\'','1=Modelamiento_PC_Observaciones_A3SYr0I.xlsx','',1,NULL,NULL,NULL,NULL,NULL,'',NULL,NULL,NULL,'Patos Locos',3,0),(00000001606,2,'','2015-12-15 12:34:43','10369','1=Modelamiento_PC_Observaciones_A3SYr0I.xlsx','',1,NULL,NULL,NULL,NULL,NULL,'',NULL,NULL,NULL,'Patos Locos',3,0),(00000001607,2,'','2015-12-15 12:34:43','9168','1=Modelamiento_PC_Observaciones_A3SYr0I.xlsx','',1,NULL,NULL,NULL,NULL,NULL,'',NULL,NULL,NULL,'Patos Locos',3,0),(00000001608,2,'','2015-12-15 12:34:43','69','1=Modelamiento_PC_Observaciones_A3SYr0I.xlsx','',1,NULL,NULL,NULL,NULL,NULL,'',NULL,NULL,NULL,'Patos Locos',3,0),(00000001609,2,'','2015-12-15 12:34:43','u\'LIMA\'','1=Modelamiento_PC_Observaciones_A3SYr0I.xlsx','',1,NULL,NULL,NULL,NULL,NULL,'',NULL,NULL,NULL,'Patos Locos',3,0),(00000001610,2,'','2015-12-15 12:34:43','u\'NUEVO\'','1=Modelamiento_PC_Observaciones_A3SYr0I.xlsx','',1,NULL,NULL,NULL,NULL,NULL,'',NULL,NULL,NULL,'Patos Locos',3,0),(00000001611,2,'','2015-12-15 12:34:43','u\'SCORE B\'','1=Modelamiento_PC_Observaciones_A3SYr0I.xlsx','',1,NULL,NULL,NULL,NULL,NULL,'',NULL,NULL,NULL,'Patos Locos',3,0),(00000001612,2,'','2015-12-15 12:34:43','967810348','1=Modelamiento_PC_Observaciones_A3SYr0I.xlsx','',1,NULL,NULL,NULL,NULL,NULL,'',NULL,NULL,NULL,'Patos Locos',3,0),(00000001613,2,'','2015-12-15 12:34:43','1','1=Modelamiento_PC_Observaciones_A3SYr0I.xlsx','',1,NULL,NULL,NULL,NULL,NULL,'',NULL,NULL,NULL,'Patos Locos',3,0),(00000001614,2,'','2015-12-15 12:34:43','u\'POLO CAMPO\'','1=Modelamiento_PC_Observaciones_A3SYr0I.xlsx','',1,NULL,NULL,NULL,NULL,NULL,'',NULL,NULL,NULL,'Patos Locos',3,0),(00000001615,2,'','2015-12-15 12:34:43','77495678','1=Modelamiento_PC_Observaciones_A3SYr0I.xlsx','',1,NULL,NULL,NULL,NULL,NULL,'',NULL,NULL,NULL,'Patos Locos',3,0),(00000001616,2,'','2015-12-15 12:34:43','u\'CREDITO VEHICULAR\'','1=Modelamiento_PC_Observaciones_A3SYr0I.xlsx','',1,NULL,NULL,NULL,NULL,NULL,'',NULL,NULL,NULL,'Patos Locos',3,0),(00000001617,2,'','2015-12-15 12:34:43','u\'99647952658\'','1=Modelamiento_PC_Observaciones_A3SYr0I.xlsx','',1,NULL,NULL,NULL,NULL,NULL,'',NULL,NULL,NULL,'Patos Locos',3,0),(00000001618,2,'','2015-12-15 12:34:43','32697','1=Modelamiento_PC_Observaciones_A3SYr0I.xlsx','',1,NULL,NULL,NULL,NULL,NULL,'',NULL,NULL,NULL,'Patos Locos',3,0),(00000001619,2,'','2015-12-15 12:34:43','28367','1=Modelamiento_PC_Observaciones_A3SYr0I.xlsx','',1,NULL,NULL,NULL,NULL,NULL,'',NULL,NULL,NULL,'Patos Locos',3,0),(00000001620,2,'','2015-12-15 12:34:43','49','1=Modelamiento_PC_Observaciones_A3SYr0I.xlsx','',1,NULL,NULL,NULL,NULL,NULL,'',NULL,NULL,NULL,'Patos Locos',3,0),(00000001621,2,'','2015-12-15 12:34:43','u\'AYACUCHO\'','1=Modelamiento_PC_Observaciones_A3SYr0I.xlsx','',1,NULL,NULL,NULL,NULL,NULL,'',NULL,NULL,NULL,'Patos Locos',3,0),(00000001622,2,'','2015-12-15 12:34:43','u\'DIRECTO\'','1=Modelamiento_PC_Observaciones_A3SYr0I.xlsx','',1,NULL,NULL,NULL,NULL,NULL,'',NULL,NULL,NULL,'Patos Locos',3,0),(00000001623,2,'','2015-12-15 12:34:43','u\'SCORE C\'','1=Modelamiento_PC_Observaciones_A3SYr0I.xlsx','',1,NULL,NULL,NULL,NULL,NULL,'',NULL,NULL,NULL,'Patos Locos',3,0),(00000001624,2,'','2015-12-15 12:34:43','991357001','1=Modelamiento_PC_Observaciones_A3SYr0I.xlsx','',1,NULL,NULL,NULL,NULL,NULL,'',NULL,NULL,NULL,'Patos Locos',3,0),(00000001625,2,'','2015-12-15 12:34:43','2','1=Modelamiento_PC_Observaciones_A3SYr0I.xlsx','',1,NULL,NULL,NULL,NULL,NULL,'',NULL,NULL,NULL,'Patos Locos',3,0),(00000001626,2,'','2015-12-15 12:34:44','u\'POLO CAMPO\'','1=Modelamiento_PC_Observaciones_A3SYr0I.xlsx','',1,NULL,NULL,NULL,NULL,NULL,'',NULL,NULL,NULL,'Patos Locos',3,0),(00000001627,2,'','2015-12-15 12:34:44','77495678','1=Modelamiento_PC_Observaciones_A3SYr0I.xlsx','',1,NULL,NULL,NULL,NULL,NULL,'',NULL,NULL,NULL,'Patos Locos',3,0),(00000001629,2,'','2015-12-15 12:35:00','987837900','1=Modelamiento_PC_Observaciones_2_ZQWD8Nb.xlsx','',1,NULL,NULL,NULL,NULL,NULL,'',NULL,NULL,NULL,'Los Alamos',3,0),(00000001630,2,'','2015-12-15 12:35:00','987837900','1=Modelamiento_PC_Observaciones_2_ZQWD8Nb.xlsx','',1,NULL,NULL,NULL,NULL,NULL,'',NULL,NULL,NULL,'Los Alamos',3,0),(00000001631,2,'','2015-12-15 12:35:00','987837901','1=Modelamiento_PC_Observaciones_2_ZQWD8Nb.xlsx','',1,NULL,NULL,NULL,NULL,NULL,'',NULL,NULL,NULL,'Los Alamos',3,0),(00000001632,2,'','2015-12-15 12:35:00','987837902','1=Modelamiento_PC_Observaciones_2_ZQWD8Nb.xlsx','',1,NULL,NULL,NULL,NULL,NULL,'',NULL,NULL,NULL,'Los Alamos',3,0),(00000001633,2,'','2015-12-15 12:35:00','987837903','1=Modelamiento_PC_Observaciones_2_ZQWD8Nb.xlsx','',1,NULL,NULL,NULL,NULL,NULL,'',NULL,NULL,NULL,'Los Alamos',3,0),(00000001634,2,'','2015-12-15 12:35:00','987837904','1=Modelamiento_PC_Observaciones_2_ZQWD8Nb.xlsx','',1,NULL,NULL,NULL,NULL,NULL,'',NULL,NULL,NULL,'Los Alamos',3,0),(00000001635,2,'','2015-12-15 12:35:00','987837905','1=Modelamiento_PC_Observaciones_2_ZQWD8Nb.xlsx','',1,NULL,NULL,NULL,NULL,NULL,'',NULL,NULL,NULL,'Los Alamos',3,0),(00000001636,2,'','2015-12-15 12:35:00','987837906','1=Modelamiento_PC_Observaciones_2_ZQWD8Nb.xlsx','',1,NULL,NULL,NULL,NULL,NULL,'',NULL,NULL,NULL,'Los Alamos',3,0),(00000001637,2,'','2015-12-15 12:35:00','987837907','1=Modelamiento_PC_Observaciones_2_ZQWD8Nb.xlsx','',1,NULL,NULL,NULL,NULL,NULL,'',NULL,NULL,NULL,'Los Alamos',3,0),(00000001638,2,'','2015-12-15 12:35:00','987837908','1=Modelamiento_PC_Observaciones_2_ZQWD8Nb.xlsx','',1,NULL,NULL,NULL,NULL,NULL,'',NULL,NULL,NULL,'Los Alamos',3,0),(00000001639,2,'','2015-12-15 12:35:00','987837909','1=Modelamiento_PC_Observaciones_2_ZQWD8Nb.xlsx','',1,NULL,NULL,NULL,NULL,NULL,'',NULL,NULL,NULL,'Los Alamos',3,0),(00000001640,2,'','2015-12-15 12:35:00','987837910','1=Modelamiento_PC_Observaciones_2_ZQWD8Nb.xlsx','',1,NULL,NULL,NULL,NULL,NULL,'',NULL,NULL,NULL,'Los Alamos',3,0),(00000001641,2,'','2015-12-15 12:35:00','987837911','1=Modelamiento_PC_Observaciones_2_ZQWD8Nb.xlsx','',1,NULL,NULL,NULL,NULL,NULL,'',NULL,NULL,NULL,'Los Alamos',3,0),(00000001642,2,'','2015-12-15 12:35:00','987837912','1=Modelamiento_PC_Observaciones_2_ZQWD8Nb.xlsx','',1,NULL,NULL,NULL,NULL,NULL,'',NULL,NULL,NULL,'Los Alamos',3,0),(00000001643,2,'','2015-12-15 12:35:00','987837913','1=Modelamiento_PC_Observaciones_2_ZQWD8Nb.xlsx','',1,NULL,NULL,NULL,NULL,NULL,'',NULL,NULL,NULL,'Los Alamos',3,0),(00000001644,2,'','2015-12-15 12:35:00','987837914','1=Modelamiento_PC_Observaciones_2_ZQWD8Nb.xlsx','',1,NULL,NULL,NULL,NULL,NULL,'',NULL,NULL,NULL,'Los Alamos',3,0),(00000001645,2,'','2015-12-15 12:35:01','987837915','1=Modelamiento_PC_Observaciones_2_ZQWD8Nb.xlsx','',1,NULL,NULL,NULL,NULL,NULL,'',NULL,NULL,NULL,'Los Alamos',3,0),(00000001646,2,'','2015-12-15 12:35:01','987837916','1=Modelamiento_PC_Observaciones_2_ZQWD8Nb.xlsx','',1,NULL,NULL,NULL,NULL,NULL,'',NULL,NULL,NULL,'Los Alamos',3,0),(00000001647,2,'','2015-12-15 12:35:01','987837917','1=Modelamiento_PC_Observaciones_2_ZQWD8Nb.xlsx','',1,NULL,NULL,NULL,NULL,NULL,'',NULL,NULL,NULL,'Los Alamos',3,0),(00000001648,2,'','2015-12-15 12:36:20','987837900','1=Modelamiento_PC_Observaciones_2_6cWXCQL.xlsx','',1,NULL,NULL,NULL,NULL,NULL,'',NULL,NULL,NULL,'Los Alamos',3,0),(00000001649,2,'','2015-12-15 12:36:20','987837900','1=Modelamiento_PC_Observaciones_2_6cWXCQL.xlsx','',1,NULL,NULL,NULL,NULL,NULL,'',NULL,NULL,NULL,'Los Alamos',3,0),(00000001650,2,'','2015-12-15 12:36:20','987837901','1=Modelamiento_PC_Observaciones_2_6cWXCQL.xlsx','',1,NULL,NULL,NULL,NULL,NULL,'',NULL,NULL,NULL,'Los Alamos',3,0),(00000001651,2,'','2015-12-15 12:36:20','987837902','1=Modelamiento_PC_Observaciones_2_6cWXCQL.xlsx','',1,NULL,NULL,NULL,NULL,NULL,'',NULL,NULL,NULL,'Los Alamos',3,0),(00000001652,2,'','2015-12-15 12:36:20','987837903','1=Modelamiento_PC_Observaciones_2_6cWXCQL.xlsx','',1,NULL,NULL,NULL,NULL,NULL,'',NULL,NULL,NULL,'Los Alamos',3,0),(00000001653,2,'','2015-12-15 12:36:20','987837904','1=Modelamiento_PC_Observaciones_2_6cWXCQL.xlsx','',1,NULL,NULL,NULL,NULL,NULL,'',NULL,NULL,NULL,'Los Alamos',3,0),(00000001654,2,'','2015-12-15 12:36:20','987837905','1=Modelamiento_PC_Observaciones_2_6cWXCQL.xlsx','',1,NULL,NULL,NULL,NULL,NULL,'',NULL,NULL,NULL,'Los Alamos',3,0),(00000001655,2,'','2015-12-15 12:36:20','987837906','1=Modelamiento_PC_Observaciones_2_6cWXCQL.xlsx','',1,NULL,NULL,NULL,NULL,NULL,'',NULL,NULL,NULL,'Los Alamos',3,0),(00000001656,2,'','2015-12-15 12:36:20','987837907','1=Modelamiento_PC_Observaciones_2_6cWXCQL.xlsx','',1,NULL,NULL,NULL,NULL,NULL,'',NULL,NULL,NULL,'Los Alamos',3,0),(00000001657,2,'','2015-12-15 12:36:20','987837908','1=Modelamiento_PC_Observaciones_2_6cWXCQL.xlsx','',1,NULL,NULL,NULL,NULL,NULL,'',NULL,NULL,NULL,'Los Alamos',3,0),(00000001658,2,'','2015-12-15 12:36:20','987837909','1=Modelamiento_PC_Observaciones_2_6cWXCQL.xlsx','',1,NULL,NULL,NULL,NULL,NULL,'',NULL,NULL,NULL,'Los Alamos',3,0),(00000001659,2,'','2015-12-15 12:36:20','987837910','1=Modelamiento_PC_Observaciones_2_6cWXCQL.xlsx','',1,NULL,NULL,NULL,NULL,NULL,'',NULL,NULL,NULL,'Los Alamos',3,0),(00000001660,2,'','2015-12-15 12:36:20','987837911','1=Modelamiento_PC_Observaciones_2_6cWXCQL.xlsx','',1,NULL,NULL,NULL,NULL,NULL,'',NULL,NULL,NULL,'Los Alamos',3,0),(00000001661,2,'','2015-12-15 12:36:20','987837912','1=Modelamiento_PC_Observaciones_2_6cWXCQL.xlsx','',1,NULL,NULL,NULL,NULL,NULL,'',NULL,NULL,NULL,'Los Alamos',3,0),(00000001662,2,'','2015-12-15 12:36:20','987837913','1=Modelamiento_PC_Observaciones_2_6cWXCQL.xlsx','',1,NULL,NULL,NULL,NULL,NULL,'',NULL,NULL,NULL,'Los Alamos',3,0),(00000001663,2,'','2015-12-15 12:36:20','987837914','1=Modelamiento_PC_Observaciones_2_6cWXCQL.xlsx','',1,NULL,NULL,NULL,NULL,NULL,'',NULL,NULL,NULL,'Los Alamos',3,0),(00000001664,2,'','2015-12-15 12:36:20','987837915','1=Modelamiento_PC_Observaciones_2_6cWXCQL.xlsx','',1,NULL,NULL,NULL,NULL,NULL,'',NULL,NULL,NULL,'Los Alamos',3,0),(00000001665,2,'','2015-12-15 12:36:20','987837916','1=Modelamiento_PC_Observaciones_2_6cWXCQL.xlsx','',1,NULL,NULL,NULL,NULL,NULL,'',NULL,NULL,NULL,'Los Alamos',3,0),(00000001666,2,'','2015-12-15 12:36:21','987837917','1=Modelamiento_PC_Observaciones_2_6cWXCQL.xlsx','',1,NULL,NULL,NULL,NULL,NULL,'',NULL,NULL,NULL,'Los Alamos',3,0),(00000001667,2,'','2015-12-15 12:36:58','987837900','1=Modelamiento_PC_Observaciones_2_bB26v90.xlsx','',1,NULL,NULL,NULL,NULL,NULL,'',NULL,NULL,NULL,'Los Alamos',3,0),(00000001668,2,'','2015-12-15 12:36:58','987837900','1=Modelamiento_PC_Observaciones_2_bB26v90.xlsx','',1,NULL,NULL,NULL,NULL,NULL,'',NULL,NULL,NULL,'Los Alamos',3,0),(00000001669,2,'','2015-12-15 12:36:58','987837901','1=Modelamiento_PC_Observaciones_2_bB26v90.xlsx','',1,NULL,NULL,NULL,NULL,NULL,'',NULL,NULL,NULL,'Los Alamos',3,0),(00000001670,2,'','2015-12-15 12:36:58','987837902','1=Modelamiento_PC_Observaciones_2_bB26v90.xlsx','',1,NULL,NULL,NULL,NULL,NULL,'',NULL,NULL,NULL,'Los Alamos',3,0),(00000001671,2,'','2015-12-15 12:36:58','987837903','1=Modelamiento_PC_Observaciones_2_bB26v90.xlsx','',1,NULL,NULL,NULL,NULL,NULL,'',NULL,NULL,NULL,'Los Alamos',3,0),(00000001672,2,'','2015-12-15 12:36:58','987837904','1=Modelamiento_PC_Observaciones_2_bB26v90.xlsx','',1,NULL,NULL,NULL,NULL,NULL,'',NULL,NULL,NULL,'Los Alamos',3,0),(00000001673,2,'','2015-12-15 12:36:58','987837905','1=Modelamiento_PC_Observaciones_2_bB26v90.xlsx','',1,NULL,NULL,NULL,NULL,NULL,'',NULL,NULL,NULL,'Los Alamos',3,0),(00000001674,2,'','2015-12-15 12:36:58','987837906','1=Modelamiento_PC_Observaciones_2_bB26v90.xlsx','',1,NULL,NULL,NULL,NULL,NULL,'',NULL,NULL,NULL,'Los Alamos',3,0),(00000001675,2,'','2015-12-15 12:36:58','987837907','1=Modelamiento_PC_Observaciones_2_bB26v90.xlsx','',1,NULL,NULL,NULL,NULL,NULL,'',NULL,NULL,NULL,'Los Alamos',3,0),(00000001676,2,'','2015-12-15 12:36:58','987837908','1=Modelamiento_PC_Observaciones_2_bB26v90.xlsx','',1,NULL,NULL,NULL,NULL,NULL,'',NULL,NULL,NULL,'Los Alamos',3,0),(00000001677,2,'','2015-12-15 12:36:58','987837909','1=Modelamiento_PC_Observaciones_2_bB26v90.xlsx','',1,NULL,NULL,NULL,NULL,NULL,'',NULL,NULL,NULL,'Los Alamos',3,0),(00000001678,2,'','2015-12-15 12:36:58','987837910','1=Modelamiento_PC_Observaciones_2_bB26v90.xlsx','',1,NULL,NULL,NULL,NULL,NULL,'',NULL,NULL,NULL,'Los Alamos',3,0),(00000001679,2,'','2015-12-15 12:36:58','987837911','1=Modelamiento_PC_Observaciones_2_bB26v90.xlsx','',1,NULL,NULL,NULL,NULL,NULL,'',NULL,NULL,NULL,'Los Alamos',3,0),(00000001680,2,'','2015-12-15 12:36:58','987837912','1=Modelamiento_PC_Observaciones_2_bB26v90.xlsx','',1,NULL,NULL,NULL,NULL,NULL,'',NULL,NULL,NULL,'Los Alamos',3,0),(00000001681,2,'','2015-12-15 12:36:58','987837913','1=Modelamiento_PC_Observaciones_2_bB26v90.xlsx','',1,NULL,NULL,NULL,NULL,NULL,'',NULL,NULL,NULL,'Los Alamos',3,0),(00000001682,2,'','2015-12-15 12:36:58','987837914','1=Modelamiento_PC_Observaciones_2_bB26v90.xlsx','',1,NULL,NULL,NULL,NULL,NULL,'',NULL,NULL,NULL,'Los Alamos',3,0),(00000001683,2,'','2015-12-15 12:36:58','987837915','1=Modelamiento_PC_Observaciones_2_bB26v90.xlsx','',1,NULL,NULL,NULL,NULL,NULL,'',NULL,NULL,NULL,'Los Alamos',3,0),(00000001684,2,'','2015-12-15 12:36:58','987837916','1=Modelamiento_PC_Observaciones_2_bB26v90.xlsx','',1,NULL,NULL,NULL,NULL,NULL,'',NULL,NULL,NULL,'Los Alamos',3,0),(00000001685,2,'','2015-12-15 12:36:58','987837917','1=Modelamiento_PC_Observaciones_2_bB26v90.xlsx','',1,NULL,NULL,NULL,NULL,NULL,'',NULL,NULL,NULL,'Los Alamos',3,0),(00000001686,2,'','2015-12-15 12:37:19','987837900','1=interfono_Ht58YPd.sql','',1,NULL,NULL,NULL,NULL,NULL,'',NULL,NULL,NULL,'Los Alamos',3,0),(00000001687,2,'','2015-12-15 12:37:19','987837900','1=interfono_Ht58YPd.sql','',1,NULL,NULL,NULL,NULL,NULL,'',NULL,NULL,NULL,'Los Alamos',3,0),(00000001688,2,'','2015-12-15 12:37:19','987837901','1=interfono_Ht58YPd.sql','',1,NULL,NULL,NULL,NULL,NULL,'',NULL,NULL,NULL,'Los Alamos',3,0),(00000001689,2,'','2015-12-15 12:37:19','987837902','1=interfono_Ht58YPd.sql','',1,NULL,NULL,NULL,NULL,NULL,'',NULL,NULL,NULL,'Los Alamos',3,0),(00000001690,2,'','2015-12-15 12:37:19','987837903','1=interfono_Ht58YPd.sql','',1,NULL,NULL,NULL,NULL,NULL,'',NULL,NULL,NULL,'Los Alamos',3,0),(00000001691,2,'','2015-12-15 12:37:19','987837904','1=interfono_Ht58YPd.sql','',1,NULL,NULL,NULL,NULL,NULL,'',NULL,NULL,NULL,'Los Alamos',3,0),(00000001692,2,'','2015-12-15 12:37:19','987837905','1=interfono_Ht58YPd.sql','',1,NULL,NULL,NULL,NULL,NULL,'',NULL,NULL,NULL,'Los Alamos',3,0),(00000001693,2,'','2015-12-15 12:37:19','987837906','1=interfono_Ht58YPd.sql','',1,NULL,NULL,NULL,NULL,NULL,'',NULL,NULL,NULL,'Los Alamos',3,0),(00000001694,2,'','2015-12-15 12:37:19','987837907','1=interfono_Ht58YPd.sql','',1,NULL,NULL,NULL,NULL,NULL,'',NULL,NULL,NULL,'Los Alamos',3,0),(00000001695,2,'','2015-12-15 12:37:19','987837908','1=interfono_Ht58YPd.sql','',1,NULL,NULL,NULL,NULL,NULL,'',NULL,NULL,NULL,'Los Alamos',3,0),(00000001696,2,'','2015-12-15 12:37:19','987837909','1=interfono_Ht58YPd.sql','',1,NULL,NULL,NULL,NULL,NULL,'',NULL,NULL,NULL,'Los Alamos',3,0),(00000001697,2,'','2015-12-15 12:37:19','987837910','1=interfono_Ht58YPd.sql','',1,NULL,NULL,NULL,NULL,NULL,'',NULL,NULL,NULL,'Los Alamos',3,0),(00000001698,2,'','2015-12-15 12:37:19','987837911','1=interfono_Ht58YPd.sql','',1,NULL,NULL,NULL,NULL,NULL,'',NULL,NULL,NULL,'Los Alamos',3,0),(00000001699,2,'','2015-12-15 12:37:19','987837912','1=interfono_Ht58YPd.sql','',1,NULL,NULL,NULL,NULL,NULL,'',NULL,NULL,NULL,'Los Alamos',3,0),(00000001700,2,'','2015-12-15 12:37:19','987837913','1=interfono_Ht58YPd.sql','',1,NULL,NULL,NULL,NULL,NULL,'',NULL,NULL,NULL,'Los Alamos',3,0),(00000001701,2,'','2015-12-15 12:37:19','987837914','1=interfono_Ht58YPd.sql','',1,NULL,NULL,NULL,NULL,NULL,'',NULL,NULL,NULL,'Los Alamos',3,0),(00000001702,2,'','2015-12-15 12:37:20','987837915','1=interfono_Ht58YPd.sql','',1,NULL,NULL,NULL,NULL,NULL,'',NULL,NULL,NULL,'Los Alamos',3,0),(00000001703,2,'','2015-12-15 12:37:20','987837916','1=interfono_Ht58YPd.sql','',1,NULL,NULL,NULL,NULL,NULL,'',NULL,NULL,NULL,'Los Alamos',3,0),(00000001704,2,'','2015-12-15 12:37:20','987837917','1=interfono_Ht58YPd.sql','',1,NULL,NULL,NULL,NULL,NULL,'',NULL,NULL,NULL,'Los Alamos',3,0),(00000001705,2,'','2015-12-15 12:38:24','987837900','1=interfono_T4lb1Iq.sql','',1,NULL,NULL,NULL,NULL,NULL,'',NULL,NULL,NULL,'Los Alamos',3,0),(00000001706,2,'','2015-12-15 12:38:24','987837900','1=interfono_T4lb1Iq.sql','',1,NULL,NULL,NULL,NULL,NULL,'',NULL,NULL,NULL,'Los Alamos',3,0),(00000001707,2,'','2015-12-15 12:38:24','987837901','1=interfono_T4lb1Iq.sql','',1,NULL,NULL,NULL,NULL,NULL,'',NULL,NULL,NULL,'Los Alamos',3,0),(00000001708,2,'','2015-12-15 12:38:24','987837902','1=interfono_T4lb1Iq.sql','',1,NULL,NULL,NULL,NULL,NULL,'',NULL,NULL,NULL,'Los Alamos',3,0),(00000001709,2,'','2015-12-15 12:38:24','987837903','1=interfono_T4lb1Iq.sql','',1,NULL,NULL,NULL,NULL,NULL,'',NULL,NULL,NULL,'Los Alamos',3,0),(00000001710,2,'','2015-12-15 12:38:24','987837904','1=interfono_T4lb1Iq.sql','',1,NULL,NULL,NULL,NULL,NULL,'',NULL,NULL,NULL,'Los Alamos',3,0),(00000001711,2,'','2015-12-15 12:38:24','987837905','1=interfono_T4lb1Iq.sql','',1,NULL,NULL,NULL,NULL,NULL,'',NULL,NULL,NULL,'Los Alamos',3,0),(00000001712,2,'','2015-12-15 12:38:24','987837906','1=interfono_T4lb1Iq.sql','',1,NULL,NULL,NULL,NULL,NULL,'',NULL,NULL,NULL,'Los Alamos',3,0),(00000001713,2,'','2015-12-15 12:38:24','987837907','1=interfono_T4lb1Iq.sql','',1,NULL,NULL,NULL,NULL,NULL,'',NULL,NULL,NULL,'Los Alamos',3,0),(00000001714,2,'','2015-12-15 12:38:25','987837908','1=interfono_T4lb1Iq.sql','',1,NULL,NULL,NULL,NULL,NULL,'',NULL,NULL,NULL,'Los Alamos',3,0),(00000001715,2,'','2015-12-15 12:38:25','987837909','1=interfono_T4lb1Iq.sql','',1,NULL,NULL,NULL,NULL,NULL,'',NULL,NULL,NULL,'Los Alamos',3,0),(00000001716,2,'','2015-12-15 12:38:25','987837910','1=interfono_T4lb1Iq.sql','',1,NULL,NULL,NULL,NULL,NULL,'',NULL,NULL,NULL,'Los Alamos',3,0),(00000001717,2,'','2015-12-15 12:38:25','987837911','1=interfono_T4lb1Iq.sql','',1,NULL,NULL,NULL,NULL,NULL,'',NULL,NULL,NULL,'Los Alamos',3,0),(00000001718,2,'','2015-12-15 12:38:25','987837912','1=interfono_T4lb1Iq.sql','',1,NULL,NULL,NULL,NULL,NULL,'',NULL,NULL,NULL,'Los Alamos',3,0),(00000001719,2,'','2015-12-15 12:38:25','987837913','1=interfono_T4lb1Iq.sql','',1,NULL,NULL,NULL,NULL,NULL,'',NULL,NULL,NULL,'Los Alamos',3,0),(00000001720,2,'','2015-12-15 12:38:25','987837914','1=interfono_T4lb1Iq.sql','',1,NULL,NULL,NULL,NULL,NULL,'',NULL,NULL,NULL,'Los Alamos',3,0),(00000001721,2,'','2015-12-15 12:38:25','987837915','1=interfono_T4lb1Iq.sql','',1,NULL,NULL,NULL,NULL,NULL,'',NULL,NULL,NULL,'Los Alamos',3,0),(00000001722,2,'','2015-12-15 12:38:25','987837916','1=interfono_T4lb1Iq.sql','',1,NULL,NULL,NULL,NULL,NULL,'',NULL,NULL,NULL,'Los Alamos',3,0),(00000001723,2,'','2015-12-15 12:38:25','987837917','1=interfono_T4lb1Iq.sql','',1,NULL,NULL,NULL,NULL,NULL,'',NULL,NULL,NULL,'Los Alamos',3,0),(00000001724,2,'','2015-12-15 12:39:13','u\'TELEFONO\'','1=Modelamiento_PC_Observaciones_2_s65IZ1a.xlsx','',1,NULL,NULL,NULL,NULL,NULL,'',NULL,NULL,NULL,'Los Alamos',3,0),(00000001725,2,'','2015-12-15 12:39:13','u\'ORDEN\'','1=Modelamiento_PC_Observaciones_2_s65IZ1a.xlsx','',1,NULL,NULL,NULL,NULL,NULL,'',NULL,NULL,NULL,'Los Alamos',3,0),(00000001726,2,'','2015-12-15 12:39:14','u\'CLIENTE\'','1=Modelamiento_PC_Observaciones_2_s65IZ1a.xlsx','',1,NULL,NULL,NULL,NULL,NULL,'',NULL,NULL,NULL,'Los Alamos',3,0),(00000001727,2,'','2015-12-15 12:39:14','u\'IDCLIENTE\'','1=Modelamiento_PC_Observaciones_2_s65IZ1a.xlsx','',1,NULL,NULL,NULL,NULL,NULL,'',NULL,NULL,NULL,'Los Alamos',3,0),(00000001728,2,'','2015-12-15 12:39:14','u\'tipo de tarjeta\'','1=Modelamiento_PC_Observaciones_2_s65IZ1a.xlsx','',1,NULL,NULL,NULL,NULL,NULL,'',NULL,NULL,NULL,'Los Alamos',3,0),(00000001729,2,'','2015-12-15 12:39:14','u\'numero\'','1=Modelamiento_PC_Observaciones_2_s65IZ1a.xlsx','',1,NULL,NULL,NULL,NULL,NULL,'',NULL,NULL,NULL,'Los Alamos',3,0),(00000001730,2,'','2015-12-15 12:39:14','u\'deuda\'','1=Modelamiento_PC_Observaciones_2_s65IZ1a.xlsx','',1,NULL,NULL,NULL,NULL,NULL,'',NULL,NULL,NULL,'Los Alamos',3,0),(00000001731,2,'','2015-12-15 12:39:14','u\'DESCUENTO\'','1=Modelamiento_PC_Observaciones_2_s65IZ1a.xlsx','',1,NULL,NULL,NULL,NULL,NULL,'',NULL,NULL,NULL,'Los Alamos',3,0),(00000001732,2,'','2015-12-15 12:39:14','u\'DIAS MORA\'','1=Modelamiento_PC_Observaciones_2_s65IZ1a.xlsx','',1,NULL,NULL,NULL,NULL,NULL,'',NULL,NULL,NULL,'Los Alamos',3,0),(00000001733,2,'','2015-12-15 12:39:14','u\'CIUDAD\'','1=Modelamiento_PC_Observaciones_2_s65IZ1a.xlsx','',1,NULL,NULL,NULL,NULL,NULL,'',NULL,NULL,NULL,'Los Alamos',3,0),(00000001734,2,'','2015-12-15 12:39:14','u\'SEGMENTO\'','1=Modelamiento_PC_Observaciones_2_s65IZ1a.xlsx','',1,NULL,NULL,NULL,NULL,NULL,'',NULL,NULL,NULL,'Los Alamos',3,0),(00000001735,2,'','2015-12-15 12:39:14','u\'GRUPO\'','1=Modelamiento_PC_Observaciones_2_s65IZ1a.xlsx','',1,NULL,NULL,NULL,NULL,NULL,'',NULL,NULL,NULL,'Los Alamos',3,0),(00000001736,2,'','2015-12-15 12:39:14','996867686','1=Modelamiento_PC_Observaciones_2_s65IZ1a.xlsx','',1,NULL,NULL,NULL,NULL,NULL,'',NULL,NULL,NULL,'Los Alamos',3,0),(00000001737,2,'','2015-12-15 12:39:14','1','1=Modelamiento_PC_Observaciones_2_s65IZ1a.xlsx','',1,NULL,NULL,NULL,NULL,NULL,'',NULL,NULL,NULL,'Los Alamos',3,0),(00000001738,2,'','2015-12-15 12:39:14','u\'PITILLO BENAVIDES\'','1=Modelamiento_PC_Observaciones_2_s65IZ1a.xlsx','',1,NULL,NULL,NULL,NULL,NULL,'',NULL,NULL,NULL,'Los Alamos',3,0),(00000001739,2,'','2015-12-15 12:39:14','41909034','1=Modelamiento_PC_Observaciones_2_s65IZ1a.xlsx','',1,NULL,NULL,NULL,NULL,NULL,'',NULL,NULL,NULL,'Los Alamos',3,0),(00000001740,2,'','2015-12-15 12:39:14','u\'VISA CLASICA\'','1=Modelamiento_PC_Observaciones_2_s65IZ1a.xlsx','',1,NULL,NULL,NULL,NULL,NULL,'',NULL,NULL,NULL,'Los Alamos',3,0),(00000001741,2,'','2015-12-15 12:39:14','u\'4457896457851660\'','1=Modelamiento_PC_Observaciones_2_s65IZ1a.xlsx','',1,NULL,NULL,NULL,NULL,NULL,'',NULL,NULL,NULL,'Los Alamos',3,0),(00000001742,2,'','2015-12-15 12:39:14','9671','1=Modelamiento_PC_Observaciones_2_s65IZ1a.xlsx','',1,NULL,NULL,NULL,NULL,NULL,'',NULL,NULL,NULL,'Los Alamos',3,0),(00000001743,2,'','2015-12-15 12:39:14','8634','1=Modelamiento_PC_Observaciones_2_s65IZ1a.xlsx','',1,NULL,NULL,NULL,NULL,NULL,'',NULL,NULL,NULL,'Los Alamos',3,0),(00000001744,2,'','2015-12-15 12:39:14','36','1=Modelamiento_PC_Observaciones_2_s65IZ1a.xlsx','',1,NULL,NULL,NULL,NULL,NULL,'',NULL,NULL,NULL,'Los Alamos',3,0),(00000001745,2,'','2015-12-15 12:39:14','u\'AREQUIPA\'','1=Modelamiento_PC_Observaciones_2_s65IZ1a.xlsx','',1,NULL,NULL,NULL,NULL,NULL,'',NULL,NULL,NULL,'Los Alamos',3,0),(00000001746,2,'','2015-12-15 12:39:15','u\'DIRECTO\'','1=Modelamiento_PC_Observaciones_2_s65IZ1a.xlsx','',1,NULL,NULL,NULL,NULL,NULL,'',NULL,NULL,NULL,'Los Alamos',3,0),(00000001747,2,'','2015-12-15 12:39:15','u\'SCORE A\'','1=Modelamiento_PC_Observaciones_2_s65IZ1a.xlsx','',1,NULL,NULL,NULL,NULL,NULL,'',NULL,NULL,NULL,'Los Alamos',3,0),(00000001748,2,'','2015-12-15 12:39:15','979864789','1=Modelamiento_PC_Observaciones_2_s65IZ1a.xlsx','',1,NULL,NULL,NULL,NULL,NULL,'',NULL,NULL,NULL,'Los Alamos',3,0),(00000001749,2,'','2015-12-15 12:39:15','2','1=Modelamiento_PC_Observaciones_2_s65IZ1a.xlsx','',1,NULL,NULL,NULL,NULL,NULL,'',NULL,NULL,NULL,'Los Alamos',3,0),(00000001750,2,'','2015-12-15 12:39:15','u\'PITILLO BENAVIDES\'','1=Modelamiento_PC_Observaciones_2_s65IZ1a.xlsx','',1,NULL,NULL,NULL,NULL,NULL,'',NULL,NULL,NULL,'Los Alamos',3,0),(00000001751,2,'','2015-12-15 12:39:15','41909034','1=Modelamiento_PC_Observaciones_2_s65IZ1a.xlsx','',1,NULL,NULL,NULL,NULL,NULL,'',NULL,NULL,NULL,'Los Alamos',3,0),(00000001752,2,'','2015-12-15 12:39:15','u\'MASTERCARD ORO\'','1=Modelamiento_PC_Observaciones_2_s65IZ1a.xlsx','',1,NULL,NULL,NULL,NULL,NULL,'',NULL,NULL,NULL,'Los Alamos',3,0),(00000001753,2,'','2015-12-15 12:39:15','u\'5598676334682245\'','1=Modelamiento_PC_Observaciones_2_s65IZ1a.xlsx','',1,NULL,NULL,NULL,NULL,NULL,'',NULL,NULL,NULL,'Los Alamos',3,0),(00000001754,2,'','2015-12-15 12:39:15','6789','1=Modelamiento_PC_Observaciones_2_s65IZ1a.xlsx','',1,NULL,NULL,NULL,NULL,NULL,'',NULL,NULL,NULL,'Los Alamos',3,0),(00000001755,2,'','2015-12-15 12:39:15','5987','1=Modelamiento_PC_Observaciones_2_s65IZ1a.xlsx','',1,NULL,NULL,NULL,NULL,NULL,'',NULL,NULL,NULL,'Los Alamos',3,0),(00000001756,2,'','2015-12-15 12:39:15','15','1=Modelamiento_PC_Observaciones_2_s65IZ1a.xlsx','',1,NULL,NULL,NULL,NULL,NULL,'',NULL,NULL,NULL,'Los Alamos',3,0),(00000001757,2,'','2015-12-15 12:39:15','u\'AREQUIPA\'','1=Modelamiento_PC_Observaciones_2_s65IZ1a.xlsx','',1,NULL,NULL,NULL,NULL,NULL,'',NULL,NULL,NULL,'Los Alamos',3,0),(00000001758,2,'','2015-12-15 12:39:15','u\'DIRECTO\'','1=Modelamiento_PC_Observaciones_2_s65IZ1a.xlsx','',1,NULL,NULL,NULL,NULL,NULL,'',NULL,NULL,NULL,'Los Alamos',3,0),(00000001759,2,'','2015-12-15 12:39:15','u\'SCORE A\'','1=Modelamiento_PC_Observaciones_2_s65IZ1a.xlsx','',1,NULL,NULL,NULL,NULL,NULL,'',NULL,NULL,NULL,'Los Alamos',3,0),(00000001760,2,'','2015-12-15 12:39:15','975874897','1=Modelamiento_PC_Observaciones_2_s65IZ1a.xlsx','',1,NULL,NULL,NULL,NULL,NULL,'',NULL,NULL,NULL,'Los Alamos',3,0),(00000001761,2,'','2015-12-15 12:39:15','1','1=Modelamiento_PC_Observaciones_2_s65IZ1a.xlsx','',1,NULL,NULL,NULL,NULL,NULL,'',NULL,NULL,NULL,'Los Alamos',3,0),(00000001762,2,'','2015-12-15 12:39:15','u\'TOTO TERRY\'','1=Modelamiento_PC_Observaciones_2_s65IZ1a.xlsx','',1,NULL,NULL,NULL,NULL,NULL,'',NULL,NULL,NULL,'Los Alamos',3,0),(00000001763,2,'','2015-12-15 12:39:15','67985478','1=Modelamiento_PC_Observaciones_2_s65IZ1a.xlsx','',1,NULL,NULL,NULL,NULL,NULL,'',NULL,NULL,NULL,'Los Alamos',3,0),(00000001764,2,'','2015-12-15 12:39:15','u\'AMERICAN EXPRESS\'','1=Modelamiento_PC_Observaciones_2_s65IZ1a.xlsx','',1,NULL,NULL,NULL,NULL,NULL,'',NULL,NULL,NULL,'Los Alamos',3,0),(00000001765,2,'','2015-12-15 12:39:15','u\'6689745898756981\'','1=Modelamiento_PC_Observaciones_2_s65IZ1a.xlsx','',1,NULL,NULL,NULL,NULL,NULL,'',NULL,NULL,NULL,'Los Alamos',3,0),(00000001766,2,'','2015-12-15 12:39:15','1687','1=Modelamiento_PC_Observaciones_2_s65IZ1a.xlsx','',1,NULL,NULL,NULL,NULL,NULL,'',NULL,NULL,NULL,'Los Alamos',3,0),(00000001767,2,'','2015-12-15 12:39:15','1168','1=Modelamiento_PC_Observaciones_2_s65IZ1a.xlsx','',1,NULL,NULL,NULL,NULL,NULL,'',NULL,NULL,NULL,'Los Alamos',3,0),(00000001768,2,'','2015-12-15 12:39:15','67','1=Modelamiento_PC_Observaciones_2_s65IZ1a.xlsx','',1,NULL,NULL,NULL,NULL,NULL,'',NULL,NULL,NULL,'Los Alamos',3,0),(00000001769,2,'','2015-12-15 12:39:15','u\'AYACUCHO\'','1=Modelamiento_PC_Observaciones_2_s65IZ1a.xlsx','',1,NULL,NULL,NULL,NULL,NULL,'',NULL,NULL,NULL,'Los Alamos',3,0),(00000001770,2,'','2015-12-15 12:39:16','u\'INDIRECTO\'','1=Modelamiento_PC_Observaciones_2_s65IZ1a.xlsx','',1,NULL,NULL,NULL,NULL,NULL,'',NULL,NULL,NULL,'Los Alamos',3,0),(00000001771,2,'','2015-12-15 12:39:16','u\'SCORE C\'','1=Modelamiento_PC_Observaciones_2_s65IZ1a.xlsx','',1,NULL,NULL,NULL,NULL,NULL,'',NULL,NULL,NULL,'Los Alamos',3,0),(00000001772,2,'','2015-12-15 12:39:16','943215048','1=Modelamiento_PC_Observaciones_2_s65IZ1a.xlsx','',1,NULL,NULL,NULL,NULL,NULL,'',NULL,NULL,NULL,'Los Alamos',3,0),(00000001773,2,'','2015-12-15 12:39:16','1','1=Modelamiento_PC_Observaciones_2_s65IZ1a.xlsx','',1,NULL,NULL,NULL,NULL,NULL,'',NULL,NULL,NULL,'Los Alamos',3,0),(00000001774,2,'','2015-12-15 12:39:16','u\'ALBERTO BEINGOLEA\'','1=Modelamiento_PC_Observaciones_2_s65IZ1a.xlsx','',1,NULL,NULL,NULL,NULL,NULL,'',NULL,NULL,NULL,'Los Alamos',3,0),(00000001775,2,'','2015-12-15 12:39:16','88749235','1=Modelamiento_PC_Observaciones_2_s65IZ1a.xlsx','',1,NULL,NULL,NULL,NULL,NULL,'',NULL,NULL,NULL,'Los Alamos',3,0),(00000001776,2,'','2015-12-15 12:39:16','u\'PRESTAMO PERSONAL\'','1=Modelamiento_PC_Observaciones_2_s65IZ1a.xlsx','',1,NULL,NULL,NULL,NULL,NULL,'',NULL,NULL,NULL,'Los Alamos',3,0),(00000001777,2,'','2015-12-15 12:39:16','u\'00026987469\'','1=Modelamiento_PC_Observaciones_2_s65IZ1a.xlsx','',1,NULL,NULL,NULL,NULL,NULL,'',NULL,NULL,NULL,'Los Alamos',3,0),(00000001778,2,'','2015-12-15 12:39:16','10369','1=Modelamiento_PC_Observaciones_2_s65IZ1a.xlsx','',1,NULL,NULL,NULL,NULL,NULL,'',NULL,NULL,NULL,'Los Alamos',3,0),(00000001779,2,'','2015-12-15 12:39:16','9168','1=Modelamiento_PC_Observaciones_2_s65IZ1a.xlsx','',1,NULL,NULL,NULL,NULL,NULL,'',NULL,NULL,NULL,'Los Alamos',3,0),(00000001780,2,'','2015-12-15 12:39:16','69','1=Modelamiento_PC_Observaciones_2_s65IZ1a.xlsx','',1,NULL,NULL,NULL,NULL,NULL,'',NULL,NULL,NULL,'Los Alamos',3,0),(00000001781,2,'','2015-12-15 12:39:16','u\'LIMA\'','1=Modelamiento_PC_Observaciones_2_s65IZ1a.xlsx','',1,NULL,NULL,NULL,NULL,NULL,'',NULL,NULL,NULL,'Los Alamos',3,0),(00000001782,2,'','2015-12-15 12:39:16','u\'NUEVO\'','1=Modelamiento_PC_Observaciones_2_s65IZ1a.xlsx','',1,NULL,NULL,NULL,NULL,NULL,'',NULL,NULL,NULL,'Los Alamos',3,0),(00000001783,2,'','2015-12-15 12:39:16','u\'SCORE B\'','1=Modelamiento_PC_Observaciones_2_s65IZ1a.xlsx','',1,NULL,NULL,NULL,NULL,NULL,'',NULL,NULL,NULL,'Los Alamos',3,0),(00000001784,2,'','2015-12-15 12:39:16','967810348','1=Modelamiento_PC_Observaciones_2_s65IZ1a.xlsx','',1,NULL,NULL,NULL,NULL,NULL,'',NULL,NULL,NULL,'Los Alamos',3,0),(00000001785,2,'','2015-12-15 12:39:16','1','1=Modelamiento_PC_Observaciones_2_s65IZ1a.xlsx','',1,NULL,NULL,NULL,NULL,NULL,'',NULL,NULL,NULL,'Los Alamos',3,0),(00000001786,2,'','2015-12-15 12:39:16','u\'POLO CAMPO\'','1=Modelamiento_PC_Observaciones_2_s65IZ1a.xlsx','',1,NULL,NULL,NULL,NULL,NULL,'',NULL,NULL,NULL,'Los Alamos',3,0),(00000001787,2,'','2015-12-15 12:39:16','77495678','1=Modelamiento_PC_Observaciones_2_s65IZ1a.xlsx','',1,NULL,NULL,NULL,NULL,NULL,'',NULL,NULL,NULL,'Los Alamos',3,0),(00000001788,2,'','2015-12-15 12:39:16','u\'CREDITO VEHICULAR\'','1=Modelamiento_PC_Observaciones_2_s65IZ1a.xlsx','',1,NULL,NULL,NULL,NULL,NULL,'',NULL,NULL,NULL,'Los Alamos',3,0),(00000001789,2,'','2015-12-15 12:39:16','u\'99647952658\'','1=Modelamiento_PC_Observaciones_2_s65IZ1a.xlsx','',1,NULL,NULL,NULL,NULL,NULL,'',NULL,NULL,NULL,'Los Alamos',3,0),(00000001790,2,'','2015-12-15 12:39:17','32697','1=Modelamiento_PC_Observaciones_2_s65IZ1a.xlsx','',1,NULL,NULL,NULL,NULL,NULL,'',NULL,NULL,NULL,'Los Alamos',3,0),(00000001791,2,'','2015-12-15 12:39:17','28367','1=Modelamiento_PC_Observaciones_2_s65IZ1a.xlsx','',1,NULL,NULL,NULL,NULL,NULL,'',NULL,NULL,NULL,'Los Alamos',3,0),(00000001792,2,'','2015-12-15 12:39:17','49','1=Modelamiento_PC_Observaciones_2_s65IZ1a.xlsx','',1,NULL,NULL,NULL,NULL,NULL,'',NULL,NULL,NULL,'Los Alamos',3,0),(00000001793,2,'','2015-12-15 12:39:17','u\'AYACUCHO\'','1=Modelamiento_PC_Observaciones_2_s65IZ1a.xlsx','',1,NULL,NULL,NULL,NULL,NULL,'',NULL,NULL,NULL,'Los Alamos',3,0),(00000001794,2,'','2015-12-15 12:39:17','u\'DIRECTO\'','1=Modelamiento_PC_Observaciones_2_s65IZ1a.xlsx','',1,NULL,NULL,NULL,NULL,NULL,'',NULL,NULL,NULL,'Los Alamos',3,0),(00000001795,2,'','2015-12-15 12:39:17','u\'SCORE C\'','1=Modelamiento_PC_Observaciones_2_s65IZ1a.xlsx','',1,NULL,NULL,NULL,NULL,NULL,'',NULL,NULL,NULL,'Los Alamos',3,0),(00000001796,2,'','2015-12-15 12:39:17','991357001','1=Modelamiento_PC_Observaciones_2_s65IZ1a.xlsx','',1,NULL,NULL,NULL,NULL,NULL,'',NULL,NULL,NULL,'Los Alamos',3,0),(00000001797,2,'','2015-12-15 12:39:17','2','1=Modelamiento_PC_Observaciones_2_s65IZ1a.xlsx','',1,NULL,NULL,NULL,NULL,NULL,'',NULL,NULL,NULL,'Los Alamos',3,0),(00000001798,2,'','2015-12-15 12:39:17','u\'POLO CAMPO\'','1=Modelamiento_PC_Observaciones_2_s65IZ1a.xlsx','',1,NULL,NULL,NULL,NULL,NULL,'',NULL,NULL,NULL,'Los Alamos',3,0),(00000001799,2,'','2015-12-15 12:39:17','77495678','1=Modelamiento_PC_Observaciones_2_s65IZ1a.xlsx','',1,NULL,NULL,NULL,NULL,NULL,'',NULL,NULL,NULL,'Los Alamos',3,0),(00000001801,2,'','2015-12-15 12:39:33','987837900','1=Perucall_modificaciones__5_iUw4nAr.docx','',1,NULL,NULL,NULL,NULL,NULL,'',NULL,NULL,NULL,'Los Alamos',3,0),(00000001802,2,'','2015-12-15 12:39:33','987837900','1=Perucall_modificaciones__5_iUw4nAr.docx','',1,NULL,NULL,NULL,NULL,NULL,'',NULL,NULL,NULL,'Los Alamos',3,0),(00000001803,2,'','2015-12-15 12:39:33','987837901','1=Perucall_modificaciones__5_iUw4nAr.docx','',1,NULL,NULL,NULL,NULL,NULL,'',NULL,NULL,NULL,'Los Alamos',3,0),(00000001804,2,'','2015-12-15 12:39:33','987837902','1=Perucall_modificaciones__5_iUw4nAr.docx','',1,NULL,NULL,NULL,NULL,NULL,'',NULL,NULL,NULL,'Los Alamos',3,0),(00000001805,2,'','2015-12-15 12:39:33','987837903','1=Perucall_modificaciones__5_iUw4nAr.docx','',1,NULL,NULL,NULL,NULL,NULL,'',NULL,NULL,NULL,'Los Alamos',3,0),(00000001806,2,'','2015-12-15 12:39:33','987837904','1=Perucall_modificaciones__5_iUw4nAr.docx','',1,NULL,NULL,NULL,NULL,NULL,'',NULL,NULL,NULL,'Los Alamos',3,0),(00000001807,2,'','2015-12-15 12:39:33','987837905','1=Perucall_modificaciones__5_iUw4nAr.docx','',1,NULL,NULL,NULL,NULL,NULL,'',NULL,NULL,NULL,'Los Alamos',3,0),(00000001808,2,'','2015-12-15 12:39:33','987837906','1=Perucall_modificaciones__5_iUw4nAr.docx','',1,NULL,NULL,NULL,NULL,NULL,'',NULL,NULL,NULL,'Los Alamos',3,0),(00000001809,2,'','2015-12-15 12:39:33','987837907','1=Perucall_modificaciones__5_iUw4nAr.docx','',1,NULL,NULL,NULL,NULL,NULL,'',NULL,NULL,NULL,'Los Alamos',3,0),(00000001810,2,'','2015-12-15 12:39:33','987837908','1=Perucall_modificaciones__5_iUw4nAr.docx','',1,NULL,NULL,NULL,NULL,NULL,'',NULL,NULL,NULL,'Los Alamos',3,0),(00000001811,2,'','2015-12-15 12:39:33','987837909','1=Perucall_modificaciones__5_iUw4nAr.docx','',1,NULL,NULL,NULL,NULL,NULL,'',NULL,NULL,NULL,'Los Alamos',3,0),(00000001812,2,'','2015-12-15 12:39:33','987837910','1=Perucall_modificaciones__5_iUw4nAr.docx','',1,NULL,NULL,NULL,NULL,NULL,'',NULL,NULL,NULL,'Los Alamos',3,0),(00000001813,2,'','2015-12-15 12:39:33','987837911','1=Perucall_modificaciones__5_iUw4nAr.docx','',1,NULL,NULL,NULL,NULL,NULL,'',NULL,NULL,NULL,'Los Alamos',3,0),(00000001814,2,'','2015-12-15 12:39:33','987837912','1=Perucall_modificaciones__5_iUw4nAr.docx','',1,NULL,NULL,NULL,NULL,NULL,'',NULL,NULL,NULL,'Los Alamos',3,0),(00000001815,2,'','2015-12-15 12:39:33','987837913','1=Perucall_modificaciones__5_iUw4nAr.docx','',1,NULL,NULL,NULL,NULL,NULL,'',NULL,NULL,NULL,'Los Alamos',3,0),(00000001816,2,'','2015-12-15 12:39:33','987837914','1=Perucall_modificaciones__5_iUw4nAr.docx','',1,NULL,NULL,NULL,NULL,NULL,'',NULL,NULL,NULL,'Los Alamos',3,0),(00000001817,2,'','2015-12-15 12:39:33','987837915','1=Perucall_modificaciones__5_iUw4nAr.docx','',1,NULL,NULL,NULL,NULL,NULL,'',NULL,NULL,NULL,'Los Alamos',3,0),(00000001818,2,'','2015-12-15 12:39:33','987837916','1=Perucall_modificaciones__5_iUw4nAr.docx','',1,NULL,NULL,NULL,NULL,NULL,'',NULL,NULL,NULL,'Los Alamos',3,0),(00000001819,2,'','2015-12-15 12:39:33','987837917','1=Perucall_modificaciones__5_iUw4nAr.docx','',1,NULL,NULL,NULL,NULL,NULL,'',NULL,NULL,NULL,'Los Alamos',3,0),(00000001820,2,'','2015-12-15 12:40:39','987837900','1=Perucall_modificaciones__3.docx','',1,NULL,NULL,NULL,NULL,NULL,'',NULL,NULL,NULL,'Los Alamos',3,0),(00000001821,2,'','2015-12-15 12:40:39','987837900','1=Perucall_modificaciones__3.docx','',1,NULL,NULL,NULL,NULL,NULL,'',NULL,NULL,NULL,'Los Alamos',3,0),(00000001822,2,'','2015-12-15 12:40:39','987837901','1=Perucall_modificaciones__3.docx','',1,NULL,NULL,NULL,NULL,NULL,'',NULL,NULL,NULL,'Los Alamos',3,0),(00000001823,2,'','2015-12-15 12:40:39','987837902','1=Perucall_modificaciones__3.docx','',1,NULL,NULL,NULL,NULL,NULL,'',NULL,NULL,NULL,'Los Alamos',3,0),(00000001824,2,'','2015-12-15 12:40:39','987837903','1=Perucall_modificaciones__3.docx','',1,NULL,NULL,NULL,NULL,NULL,'',NULL,NULL,NULL,'Los Alamos',3,0),(00000001825,2,'','2015-12-15 12:40:39','987837904','1=Perucall_modificaciones__3.docx','',1,NULL,NULL,NULL,NULL,NULL,'',NULL,NULL,NULL,'Los Alamos',3,0),(00000001826,2,'','2015-12-15 12:40:39','987837905','1=Perucall_modificaciones__3.docx','',1,NULL,NULL,NULL,NULL,NULL,'',NULL,NULL,NULL,'Los Alamos',3,0),(00000001827,2,'','2015-12-15 12:40:39','987837906','1=Perucall_modificaciones__3.docx','',1,NULL,NULL,NULL,NULL,NULL,'',NULL,NULL,NULL,'Los Alamos',3,0),(00000001828,2,'','2015-12-15 12:40:40','987837907','1=Perucall_modificaciones__3.docx','',1,NULL,NULL,NULL,NULL,NULL,'',NULL,NULL,NULL,'Los Alamos',3,0),(00000001829,2,'','2015-12-15 12:40:40','987837908','1=Perucall_modificaciones__3.docx','',1,NULL,NULL,NULL,NULL,NULL,'',NULL,NULL,NULL,'Los Alamos',3,0),(00000001830,2,'','2015-12-15 12:40:40','987837909','1=Perucall_modificaciones__3.docx','',1,NULL,NULL,NULL,NULL,NULL,'',NULL,NULL,NULL,'Los Alamos',3,0),(00000001831,2,'','2015-12-15 12:40:40','987837910','1=Perucall_modificaciones__3.docx','',1,NULL,NULL,NULL,NULL,NULL,'',NULL,NULL,NULL,'Los Alamos',3,0),(00000001832,2,'','2015-12-15 12:40:40','987837911','1=Perucall_modificaciones__3.docx','',1,NULL,NULL,NULL,NULL,NULL,'',NULL,NULL,NULL,'Los Alamos',3,0),(00000001833,2,'','2015-12-15 12:40:40','987837912','1=Perucall_modificaciones__3.docx','',1,NULL,NULL,NULL,NULL,NULL,'',NULL,NULL,NULL,'Los Alamos',3,0),(00000001834,2,'','2015-12-15 12:40:40','987837913','1=Perucall_modificaciones__3.docx','',1,NULL,NULL,NULL,NULL,NULL,'',NULL,NULL,NULL,'Los Alamos',3,0),(00000001835,2,'','2015-12-15 12:40:40','987837914','1=Perucall_modificaciones__3.docx','',1,NULL,NULL,NULL,NULL,NULL,'',NULL,NULL,NULL,'Los Alamos',3,0),(00000001836,2,'','2015-12-15 12:40:40','987837915','1=Perucall_modificaciones__3.docx','',1,NULL,NULL,NULL,NULL,NULL,'',NULL,NULL,NULL,'Los Alamos',3,0),(00000001837,2,'','2015-12-15 12:40:40','987837916','1=Perucall_modificaciones__3.docx','',1,NULL,NULL,NULL,NULL,NULL,'',NULL,NULL,NULL,'Los Alamos',3,0),(00000001838,2,'','2015-12-15 12:40:40','987837917','1=Perucall_modificaciones__3.docx','',1,NULL,NULL,NULL,NULL,NULL,'',NULL,NULL,NULL,'Los Alamos',3,0),(00000001839,2,'','2015-12-15 12:41:13','u\'TELEFONO\'','1=index.html.1','',1,NULL,NULL,NULL,NULL,NULL,'',NULL,NULL,NULL,'Los Alamos',3,0),(00000001840,2,'','2015-12-15 12:41:13','u\'ORDEN\'','1=index.html.1','',1,NULL,NULL,NULL,NULL,NULL,'',NULL,NULL,NULL,'Los Alamos',3,0),(00000001841,2,'','2015-12-15 12:41:13','u\'CLIENTE\'','1=index.html.1','',1,NULL,NULL,NULL,NULL,NULL,'',NULL,NULL,NULL,'Los Alamos',3,0),(00000001842,2,'','2015-12-15 12:41:13','u\'IDCLIENTE\'','1=index.html.1','',1,NULL,NULL,NULL,NULL,NULL,'',NULL,NULL,NULL,'Los Alamos',3,0),(00000001843,2,'','2015-12-15 12:41:14','u\'tipo de tarjeta\'','1=index.html.1','',1,NULL,NULL,NULL,NULL,NULL,'',NULL,NULL,NULL,'Los Alamos',3,0),(00000001844,2,'','2015-12-15 12:41:14','u\'numero\'','1=index.html.1','',1,NULL,NULL,NULL,NULL,NULL,'',NULL,NULL,NULL,'Los Alamos',3,0),(00000001845,2,'','2015-12-15 12:41:14','u\'deuda\'','1=index.html.1','',1,NULL,NULL,NULL,NULL,NULL,'',NULL,NULL,NULL,'Los Alamos',3,0),(00000001846,2,'','2015-12-15 12:41:14','u\'DESCUENTO\'','1=index.html.1','',1,NULL,NULL,NULL,NULL,NULL,'',NULL,NULL,NULL,'Los Alamos',3,0),(00000001847,2,'','2015-12-15 12:41:14','u\'DIAS MORA\'','1=index.html.1','',1,NULL,NULL,NULL,NULL,NULL,'',NULL,NULL,NULL,'Los Alamos',3,0),(00000001848,2,'','2015-12-15 12:41:14','u\'CIUDAD\'','1=index.html.1','',1,NULL,NULL,NULL,NULL,NULL,'',NULL,NULL,NULL,'Los Alamos',3,0),(00000001849,2,'','2015-12-15 12:41:14','u\'SEGMENTO\'','1=index.html.1','',1,NULL,NULL,NULL,NULL,NULL,'',NULL,NULL,NULL,'Los Alamos',3,0),(00000001850,2,'','2015-12-15 12:41:14','u\'GRUPO\'','1=index.html.1','',1,NULL,NULL,NULL,NULL,NULL,'',NULL,NULL,NULL,'Los Alamos',3,0),(00000001851,2,'','2015-12-15 12:41:14','996867686','1=index.html.1','',1,NULL,NULL,NULL,NULL,NULL,'',NULL,NULL,NULL,'Los Alamos',3,0),(00000001852,2,'','2015-12-15 12:41:14','1','1=index.html.1','',1,NULL,NULL,NULL,NULL,NULL,'',NULL,NULL,NULL,'Los Alamos',3,0),(00000001853,2,'','2015-12-15 12:41:14','u\'PITILLO BENAVIDES\'','1=index.html.1','',1,NULL,NULL,NULL,NULL,NULL,'',NULL,NULL,NULL,'Los Alamos',3,0),(00000001854,2,'','2015-12-15 12:41:14','41909034','1=index.html.1','',1,NULL,NULL,NULL,NULL,NULL,'',NULL,NULL,NULL,'Los Alamos',3,0),(00000001855,2,'','2015-12-15 12:41:14','u\'VISA CLASICA\'','1=index.html.1','',1,NULL,NULL,NULL,NULL,NULL,'',NULL,NULL,NULL,'Los Alamos',3,0),(00000001856,2,'','2015-12-15 12:41:14','u\'4457896457851660\'','1=index.html.1','',1,NULL,NULL,NULL,NULL,NULL,'',NULL,NULL,NULL,'Los Alamos',3,0),(00000001857,2,'','2015-12-15 12:41:14','9671','1=index.html.1','',1,NULL,NULL,NULL,NULL,NULL,'',NULL,NULL,NULL,'Los Alamos',3,0),(00000001858,2,'','2015-12-15 12:41:14','8634','1=index.html.1','',1,NULL,NULL,NULL,NULL,NULL,'',NULL,NULL,NULL,'Los Alamos',3,0),(00000001859,2,'','2015-12-15 12:41:14','36','1=index.html.1','',1,NULL,NULL,NULL,NULL,NULL,'',NULL,NULL,NULL,'Los Alamos',3,0),(00000001860,2,'','2015-12-15 12:41:14','u\'AREQUIPA\'','1=index.html.1','',1,NULL,NULL,NULL,NULL,NULL,'',NULL,NULL,NULL,'Los Alamos',3,0),(00000001861,2,'','2015-12-15 12:41:14','u\'DIRECTO\'','1=index.html.1','',1,NULL,NULL,NULL,NULL,NULL,'',NULL,NULL,NULL,'Los Alamos',3,0),(00000001862,2,'','2015-12-15 12:41:14','u\'SCORE A\'','1=index.html.1','',1,NULL,NULL,NULL,NULL,NULL,'',NULL,NULL,NULL,'Los Alamos',3,0),(00000001863,2,'','2015-12-15 12:41:14','979864789','1=index.html.1','',1,NULL,NULL,NULL,NULL,NULL,'',NULL,NULL,NULL,'Los Alamos',3,0),(00000001864,2,'','2015-12-15 12:41:14','2','1=index.html.1','',1,NULL,NULL,NULL,NULL,NULL,'',NULL,NULL,NULL,'Los Alamos',3,0),(00000001865,2,'','2015-12-15 12:41:14','u\'PITILLO BENAVIDES\'','1=index.html.1','',1,NULL,NULL,NULL,NULL,NULL,'',NULL,NULL,NULL,'Los Alamos',3,0),(00000001866,2,'','2015-12-15 12:41:15','41909034','1=index.html.1','',1,NULL,NULL,NULL,NULL,NULL,'',NULL,NULL,NULL,'Los Alamos',3,0),(00000001867,2,'','2015-12-15 12:41:15','u\'MASTERCARD ORO\'','1=index.html.1','',1,NULL,NULL,NULL,NULL,NULL,'',NULL,NULL,NULL,'Los Alamos',3,0),(00000001868,2,'','2015-12-15 12:41:15','u\'5598676334682245\'','1=index.html.1','',1,NULL,NULL,NULL,NULL,NULL,'',NULL,NULL,NULL,'Los Alamos',3,0),(00000001869,2,'','2015-12-15 12:41:15','6789','1=index.html.1','',1,NULL,NULL,NULL,NULL,NULL,'',NULL,NULL,NULL,'Los Alamos',3,0),(00000001870,2,'','2015-12-15 12:41:15','5987','1=index.html.1','',1,NULL,NULL,NULL,NULL,NULL,'',NULL,NULL,NULL,'Los Alamos',3,0),(00000001871,2,'','2015-12-15 12:41:15','15','1=index.html.1','',1,NULL,NULL,NULL,NULL,NULL,'',NULL,NULL,NULL,'Los Alamos',3,0),(00000001872,2,'','2015-12-15 12:41:15','u\'AREQUIPA\'','1=index.html.1','',1,NULL,NULL,NULL,NULL,NULL,'',NULL,NULL,NULL,'Los Alamos',3,0),(00000001873,2,'','2015-12-15 12:41:15','u\'DIRECTO\'','1=index.html.1','',1,NULL,NULL,NULL,NULL,NULL,'',NULL,NULL,NULL,'Los Alamos',3,0),(00000001874,2,'','2015-12-15 12:41:15','u\'SCORE A\'','1=index.html.1','',1,NULL,NULL,NULL,NULL,NULL,'',NULL,NULL,NULL,'Los Alamos',3,0),(00000001875,2,'','2015-12-15 12:41:15','975874897','1=index.html.1','',1,NULL,NULL,NULL,NULL,NULL,'',NULL,NULL,NULL,'Los Alamos',3,0),(00000001876,2,'','2015-12-15 12:41:15','1','1=index.html.1','',1,NULL,NULL,NULL,NULL,NULL,'',NULL,NULL,NULL,'Los Alamos',3,0),(00000001877,2,'','2015-12-15 12:41:15','u\'TOTO TERRY\'','1=index.html.1','',1,NULL,NULL,NULL,NULL,NULL,'',NULL,NULL,NULL,'Los Alamos',3,0),(00000001878,2,'','2015-12-15 12:41:15','67985478','1=index.html.1','',1,NULL,NULL,NULL,NULL,NULL,'',NULL,NULL,NULL,'Los Alamos',3,0),(00000001879,2,'','2015-12-15 12:41:15','u\'AMERICAN EXPRESS\'','1=index.html.1','',1,NULL,NULL,NULL,NULL,NULL,'',NULL,NULL,NULL,'Los Alamos',3,0),(00000001880,2,'','2015-12-15 12:41:15','u\'6689745898756981\'','1=index.html.1','',1,NULL,NULL,NULL,NULL,NULL,'',NULL,NULL,NULL,'Los Alamos',3,0),(00000001881,2,'','2015-12-15 12:41:15','1687','1=index.html.1','',1,NULL,NULL,NULL,NULL,NULL,'',NULL,NULL,NULL,'Los Alamos',3,0),(00000001882,2,'','2015-12-15 12:41:15','1168','1=index.html.1','',1,NULL,NULL,NULL,NULL,NULL,'',NULL,NULL,NULL,'Los Alamos',3,0),(00000001883,2,'','2015-12-15 12:41:15','67','1=index.html.1','',1,NULL,NULL,NULL,NULL,NULL,'',NULL,NULL,NULL,'Los Alamos',3,0),(00000001884,2,'','2015-12-15 12:41:15','u\'AYACUCHO\'','1=index.html.1','',1,NULL,NULL,NULL,NULL,NULL,'',NULL,NULL,NULL,'Los Alamos',3,0),(00000001885,2,'','2015-12-15 12:41:15','u\'INDIRECTO\'','1=index.html.1','',1,NULL,NULL,NULL,NULL,NULL,'',NULL,NULL,NULL,'Los Alamos',3,0),(00000001886,2,'','2015-12-15 12:41:15','u\'SCORE C\'','1=index.html.1','',1,NULL,NULL,NULL,NULL,NULL,'',NULL,NULL,NULL,'Los Alamos',3,0),(00000001887,2,'','2015-12-15 12:41:15','943215048','1=index.html.1','',1,NULL,NULL,NULL,NULL,NULL,'',NULL,NULL,NULL,'Los Alamos',3,0),(00000001888,2,'','2015-12-15 12:41:15','1','1=index.html.1','',1,NULL,NULL,NULL,NULL,NULL,'',NULL,NULL,NULL,'Los Alamos',3,0),(00000001889,2,'','2015-12-15 12:41:15','u\'ALBERTO BEINGOLEA\'','1=index.html.1','',1,NULL,NULL,NULL,NULL,NULL,'',NULL,NULL,NULL,'Los Alamos',3,0),(00000001890,2,'','2015-12-15 12:41:16','88749235','1=index.html.1','',1,NULL,NULL,NULL,NULL,NULL,'',NULL,NULL,NULL,'Los Alamos',3,0),(00000001891,2,'','2015-12-15 12:41:16','u\'PRESTAMO PERSONAL\'','1=index.html.1','',1,NULL,NULL,NULL,NULL,NULL,'',NULL,NULL,NULL,'Los Alamos',3,0),(00000001892,2,'','2015-12-15 12:41:16','u\'00026987469\'','1=index.html.1','',1,NULL,NULL,NULL,NULL,NULL,'',NULL,NULL,NULL,'Los Alamos',3,0),(00000001893,2,'','2015-12-15 12:41:16','10369','1=index.html.1','',1,NULL,NULL,NULL,NULL,NULL,'',NULL,NULL,NULL,'Los Alamos',3,0),(00000001894,2,'','2015-12-15 12:41:16','9168','1=index.html.1','',1,NULL,NULL,NULL,NULL,NULL,'',NULL,NULL,NULL,'Los Alamos',3,0),(00000001895,2,'','2015-12-15 12:41:16','69','1=index.html.1','',1,NULL,NULL,NULL,NULL,NULL,'',NULL,NULL,NULL,'Los Alamos',3,0),(00000001896,2,'','2015-12-15 12:41:16','u\'LIMA\'','1=index.html.1','',1,NULL,NULL,NULL,NULL,NULL,'',NULL,NULL,NULL,'Los Alamos',3,0),(00000001897,2,'','2015-12-15 12:41:16','u\'NUEVO\'','1=index.html.1','',1,NULL,NULL,NULL,NULL,NULL,'',NULL,NULL,NULL,'Los Alamos',3,0),(00000001898,2,'','2015-12-15 12:41:16','u\'SCORE B\'','1=index.html.1','',1,NULL,NULL,NULL,NULL,NULL,'',NULL,NULL,NULL,'Los Alamos',3,0),(00000001899,2,'','2015-12-15 12:41:16','967810348','1=index.html.1','',1,NULL,NULL,NULL,NULL,NULL,'',NULL,NULL,NULL,'Los Alamos',3,0),(00000001900,2,'','2015-12-15 12:41:16','1','1=index.html.1','',1,NULL,NULL,NULL,NULL,NULL,'',NULL,NULL,NULL,'Los Alamos',3,0),(00000001901,2,'','2015-12-15 12:41:16','u\'POLO CAMPO\'','1=index.html.1','',1,NULL,NULL,NULL,NULL,NULL,'',NULL,NULL,NULL,'Los Alamos',3,0),(00000001902,2,'','2015-12-15 12:41:16','77495678','1=index.html.1','',1,NULL,NULL,NULL,NULL,NULL,'',NULL,NULL,NULL,'Los Alamos',3,0),(00000001903,2,'','2015-12-15 12:41:16','u\'CREDITO VEHICULAR\'','1=index.html.1','',1,NULL,NULL,NULL,NULL,NULL,'',NULL,NULL,NULL,'Los Alamos',3,0),(00000001904,2,'','2015-12-15 12:41:16','u\'99647952658\'','1=index.html.1','',1,NULL,NULL,NULL,NULL,NULL,'',NULL,NULL,NULL,'Los Alamos',3,0),(00000001905,2,'','2015-12-15 12:41:16','32697','1=index.html.1','',1,NULL,NULL,NULL,NULL,NULL,'',NULL,NULL,NULL,'Los Alamos',3,0),(00000001906,2,'','2015-12-15 12:41:16','28367','1=index.html.1','',1,NULL,NULL,NULL,NULL,NULL,'',NULL,NULL,NULL,'Los Alamos',3,0),(00000001907,2,'','2015-12-15 12:41:17','49','1=index.html.1','',1,NULL,NULL,NULL,NULL,NULL,'',NULL,NULL,NULL,'Los Alamos',3,0),(00000001908,2,'','2015-12-15 12:41:17','u\'AYACUCHO\'','1=index.html.1','',1,NULL,NULL,NULL,NULL,NULL,'',NULL,NULL,NULL,'Los Alamos',3,0),(00000001909,2,'','2015-12-15 12:41:17','u\'DIRECTO\'','1=index.html.1','',1,NULL,NULL,NULL,NULL,NULL,'',NULL,NULL,NULL,'Los Alamos',3,0),(00000001910,2,'','2015-12-15 12:41:17','u\'SCORE C\'','1=index.html.1','',1,NULL,NULL,NULL,NULL,NULL,'',NULL,NULL,NULL,'Los Alamos',3,0),(00000001911,2,'','2015-12-15 12:41:17','991357001','1=index.html.1','',1,NULL,NULL,NULL,NULL,NULL,'',NULL,NULL,NULL,'Los Alamos',3,0),(00000001912,2,'','2015-12-15 12:41:17','2','1=index.html.1','',1,NULL,NULL,NULL,NULL,NULL,'',NULL,NULL,NULL,'Los Alamos',3,0),(00000001913,2,'','2015-12-15 12:41:17','u\'POLO CAMPO\'','1=index.html.1','',1,NULL,NULL,NULL,NULL,NULL,'',NULL,NULL,NULL,'Los Alamos',3,0),(00000001914,2,'','2015-12-15 12:41:17','77495678','1=index.html.1','',1,NULL,NULL,NULL,NULL,NULL,'',NULL,NULL,NULL,'Los Alamos',3,0),(00000001916,2,'','2015-12-15 12:41:33','987837900','1=index_Amf4ipc.html','',1,NULL,NULL,NULL,NULL,NULL,'',NULL,NULL,NULL,'Los Alamos',3,0),(00000001917,2,'','2015-12-15 12:41:33','987837900','1=index_Amf4ipc.html','',1,NULL,NULL,NULL,NULL,NULL,'',NULL,NULL,NULL,'Los Alamos',3,0),(00000001918,2,'','2015-12-15 12:41:33','987837901','1=index_Amf4ipc.html','',1,NULL,NULL,NULL,NULL,NULL,'',NULL,NULL,NULL,'Los Alamos',3,0),(00000001919,2,'','2015-12-15 12:41:33','987837902','1=index_Amf4ipc.html','',1,NULL,NULL,NULL,NULL,NULL,'',NULL,NULL,NULL,'Los Alamos',3,0),(00000001920,2,'','2015-12-15 12:41:33','987837903','1=index_Amf4ipc.html','',1,NULL,NULL,NULL,NULL,NULL,'',NULL,NULL,NULL,'Los Alamos',3,0),(00000001921,2,'','2015-12-15 12:41:33','987837904','1=index_Amf4ipc.html','',1,NULL,NULL,NULL,NULL,NULL,'',NULL,NULL,NULL,'Los Alamos',3,0),(00000001922,2,'','2015-12-15 12:41:33','987837905','1=index_Amf4ipc.html','',1,NULL,NULL,NULL,NULL,NULL,'',NULL,NULL,NULL,'Los Alamos',3,0),(00000001923,2,'','2015-12-15 12:41:33','987837906','1=index_Amf4ipc.html','',1,NULL,NULL,NULL,NULL,NULL,'',NULL,NULL,NULL,'Los Alamos',3,0),(00000001924,2,'','2015-12-15 12:41:33','987837907','1=index_Amf4ipc.html','',1,NULL,NULL,NULL,NULL,NULL,'',NULL,NULL,NULL,'Los Alamos',3,0),(00000001925,2,'','2015-12-15 12:41:33','987837908','1=index_Amf4ipc.html','',1,NULL,NULL,NULL,NULL,NULL,'',NULL,NULL,NULL,'Los Alamos',3,0),(00000001926,2,'','2015-12-15 12:41:33','987837909','1=index_Amf4ipc.html','',1,NULL,NULL,NULL,NULL,NULL,'',NULL,NULL,NULL,'Los Alamos',3,0),(00000001927,2,'','2015-12-15 12:41:33','987837910','1=index_Amf4ipc.html','',1,NULL,NULL,NULL,NULL,NULL,'',NULL,NULL,NULL,'Los Alamos',3,0),(00000001928,2,'','2015-12-15 12:41:33','987837911','1=index_Amf4ipc.html','',1,NULL,NULL,NULL,NULL,NULL,'',NULL,NULL,NULL,'Los Alamos',3,0),(00000001929,2,'','2015-12-15 12:41:33','987837912','1=index_Amf4ipc.html','',1,NULL,NULL,NULL,NULL,NULL,'',NULL,NULL,NULL,'Los Alamos',3,0),(00000001930,2,'','2015-12-15 12:41:33','987837913','1=index_Amf4ipc.html','',1,NULL,NULL,NULL,NULL,NULL,'',NULL,NULL,NULL,'Los Alamos',3,0),(00000001931,2,'','2015-12-15 12:41:33','987837914','1=index_Amf4ipc.html','',1,NULL,NULL,NULL,NULL,NULL,'',NULL,NULL,NULL,'Los Alamos',3,0),(00000001932,2,'','2015-12-15 12:41:33','987837915','1=index_Amf4ipc.html','',1,NULL,NULL,NULL,NULL,NULL,'',NULL,NULL,NULL,'Los Alamos',3,0),(00000001933,2,'','2015-12-15 12:41:33','987837916','1=index_Amf4ipc.html','',1,NULL,NULL,NULL,NULL,NULL,'',NULL,NULL,NULL,'Los Alamos',3,0),(00000001934,2,'','2015-12-15 12:41:33','987837917','1=index_Amf4ipc.html','',1,NULL,NULL,NULL,NULL,NULL,'',NULL,NULL,NULL,'Los Alamos',3,0),(00000001935,2,'','2015-12-15 12:44:29','987837900','1=index_eBF9cIQ.html','',1,NULL,NULL,NULL,NULL,NULL,'',NULL,NULL,NULL,'Los Alamos',3,0),(00000001936,2,'','2015-12-15 12:44:29','987837900','1=index_eBF9cIQ.html','',1,NULL,NULL,NULL,NULL,NULL,'',NULL,NULL,NULL,'Los Alamos',3,0),(00000001937,2,'','2015-12-15 12:44:29','987837901','1=index_eBF9cIQ.html','',1,NULL,NULL,NULL,NULL,NULL,'',NULL,NULL,NULL,'Los Alamos',3,0),(00000001938,2,'','2015-12-15 12:44:29','987837902','1=index_eBF9cIQ.html','',1,NULL,NULL,NULL,NULL,NULL,'',NULL,NULL,NULL,'Los Alamos',3,0),(00000001939,2,'','2015-12-15 12:44:29','987837903','1=index_eBF9cIQ.html','',1,NULL,NULL,NULL,NULL,NULL,'',NULL,NULL,NULL,'Los Alamos',3,0),(00000001940,2,'','2015-12-15 12:44:29','987837904','1=index_eBF9cIQ.html','',1,NULL,NULL,NULL,NULL,NULL,'',NULL,NULL,NULL,'Los Alamos',3,0),(00000001941,2,'','2015-12-15 12:44:29','987837905','1=index_eBF9cIQ.html','',1,NULL,NULL,NULL,NULL,NULL,'',NULL,NULL,NULL,'Los Alamos',3,0),(00000001942,2,'','2015-12-15 12:44:29','987837906','1=index_eBF9cIQ.html','',1,NULL,NULL,NULL,NULL,NULL,'',NULL,NULL,NULL,'Los Alamos',3,0),(00000001943,2,'','2015-12-15 12:44:29','987837907','1=index_eBF9cIQ.html','',1,NULL,NULL,NULL,NULL,NULL,'',NULL,NULL,NULL,'Los Alamos',3,0),(00000001944,2,'','2015-12-15 12:44:29','987837908','1=index_eBF9cIQ.html','',1,NULL,NULL,NULL,NULL,NULL,'',NULL,NULL,NULL,'Los Alamos',3,0),(00000001945,2,'','2015-12-15 12:44:29','987837909','1=index_eBF9cIQ.html','',1,NULL,NULL,NULL,NULL,NULL,'',NULL,NULL,NULL,'Los Alamos',3,0),(00000001946,2,'','2015-12-15 12:44:29','987837910','1=index_eBF9cIQ.html','',1,NULL,NULL,NULL,NULL,NULL,'',NULL,NULL,NULL,'Los Alamos',3,0),(00000001947,2,'','2015-12-15 12:44:29','987837911','1=index_eBF9cIQ.html','',1,NULL,NULL,NULL,NULL,NULL,'',NULL,NULL,NULL,'Los Alamos',3,0),(00000001948,2,'','2015-12-15 12:44:29','987837912','1=index_eBF9cIQ.html','',1,NULL,NULL,NULL,NULL,NULL,'',NULL,NULL,NULL,'Los Alamos',3,0),(00000001949,2,'','2015-12-15 12:44:29','987837913','1=index_eBF9cIQ.html','',1,NULL,NULL,NULL,NULL,NULL,'',NULL,NULL,NULL,'Los Alamos',3,0),(00000001950,2,'','2015-12-15 12:44:29','987837914','1=index_eBF9cIQ.html','',1,NULL,NULL,NULL,NULL,NULL,'',NULL,NULL,NULL,'Los Alamos',3,0),(00000001951,2,'','2015-12-15 12:44:29','987837915','1=index_eBF9cIQ.html','',1,NULL,NULL,NULL,NULL,NULL,'',NULL,NULL,NULL,'Los Alamos',3,0),(00000001952,2,'','2015-12-15 12:44:29','987837916','1=index_eBF9cIQ.html','',1,NULL,NULL,NULL,NULL,NULL,'',NULL,NULL,NULL,'Los Alamos',3,0),(00000001953,2,'','2015-12-15 12:44:29','987837917','1=index_eBF9cIQ.html','',1,NULL,NULL,NULL,NULL,NULL,'',NULL,NULL,NULL,'Los Alamos',3,0),(00000001954,2,'','2015-12-15 12:45:22','987837900','1=index_LGzGTee.html','',1,NULL,NULL,NULL,NULL,NULL,'',NULL,NULL,NULL,'Los Alamos',3,0),(00000001955,2,'','2015-12-15 12:45:22','987837900','1=index_LGzGTee.html','',1,NULL,NULL,NULL,NULL,NULL,'',NULL,NULL,NULL,'Los Alamos',3,0),(00000001956,2,'','2015-12-15 12:45:22','987837901','1=index_LGzGTee.html','',1,NULL,NULL,NULL,NULL,NULL,'',NULL,NULL,NULL,'Los Alamos',3,0),(00000001957,2,'','2015-12-15 12:45:22','987837902','1=index_LGzGTee.html','',1,NULL,NULL,NULL,NULL,NULL,'',NULL,NULL,NULL,'Los Alamos',3,0),(00000001958,2,'','2015-12-15 12:45:23','987837903','1=index_LGzGTee.html','',1,NULL,NULL,NULL,NULL,NULL,'',NULL,NULL,NULL,'Los Alamos',3,0),(00000001959,2,'','2015-12-15 12:45:23','987837904','1=index_LGzGTee.html','',1,NULL,NULL,NULL,NULL,NULL,'',NULL,NULL,NULL,'Los Alamos',3,0),(00000001960,2,'','2015-12-15 12:45:23','987837905','1=index_LGzGTee.html','',1,NULL,NULL,NULL,NULL,NULL,'',NULL,NULL,NULL,'Los Alamos',3,0),(00000001961,2,'','2015-12-15 12:45:23','987837906','1=index_LGzGTee.html','',1,NULL,NULL,NULL,NULL,NULL,'',NULL,NULL,NULL,'Los Alamos',3,0),(00000001962,2,'','2015-12-15 12:45:23','987837907','1=index_LGzGTee.html','',1,NULL,NULL,NULL,NULL,NULL,'',NULL,NULL,NULL,'Los Alamos',3,0),(00000001963,2,'','2015-12-15 12:45:23','987837908','1=index_LGzGTee.html','',1,NULL,NULL,NULL,NULL,NULL,'',NULL,NULL,NULL,'Los Alamos',3,0),(00000001964,2,'','2015-12-15 12:45:23','987837909','1=index_LGzGTee.html','',1,NULL,NULL,NULL,NULL,NULL,'',NULL,NULL,NULL,'Los Alamos',3,0),(00000001965,2,'','2015-12-15 12:45:23','987837910','1=index_LGzGTee.html','',1,NULL,NULL,NULL,NULL,NULL,'',NULL,NULL,NULL,'Los Alamos',3,0),(00000001966,2,'','2015-12-15 12:45:23','987837911','1=index_LGzGTee.html','',1,NULL,NULL,NULL,NULL,NULL,'',NULL,NULL,NULL,'Los Alamos',3,0),(00000001967,2,'','2015-12-15 12:45:23','987837912','1=index_LGzGTee.html','',1,NULL,NULL,NULL,NULL,NULL,'',NULL,NULL,NULL,'Los Alamos',3,0),(00000001968,2,'','2015-12-15 12:45:23','987837913','1=index_LGzGTee.html','',1,NULL,NULL,NULL,NULL,NULL,'',NULL,NULL,NULL,'Los Alamos',3,0),(00000001969,2,'','2015-12-15 12:45:23','987837914','1=index_LGzGTee.html','',1,NULL,NULL,NULL,NULL,NULL,'',NULL,NULL,NULL,'Los Alamos',3,0),(00000001970,2,'','2015-12-15 12:45:23','987837915','1=index_LGzGTee.html','',1,NULL,NULL,NULL,NULL,NULL,'',NULL,NULL,NULL,'Los Alamos',3,0),(00000001971,2,'','2015-12-15 12:45:23','987837916','1=index_LGzGTee.html','',1,NULL,NULL,NULL,NULL,NULL,'',NULL,NULL,NULL,'Los Alamos',3,0),(00000001972,2,'','2015-12-15 12:45:23','987837917','1=index_LGzGTee.html','',1,NULL,NULL,NULL,NULL,NULL,'',NULL,NULL,NULL,'Los Alamos',3,0),(00000001973,2,'','2015-12-15 12:51:06','987837900','1=index_7h1gs12.html','',1,NULL,NULL,NULL,NULL,NULL,'',NULL,NULL,NULL,'Los Alamos',3,0),(00000001974,2,'','2015-12-15 12:51:06','987837900','1=index_7h1gs12.html','',1,NULL,NULL,NULL,NULL,NULL,'',NULL,NULL,NULL,'Los Alamos',3,0),(00000001975,2,'','2015-12-15 12:51:06','987837901','1=index_7h1gs12.html','',1,NULL,NULL,NULL,NULL,NULL,'',NULL,NULL,NULL,'Los Alamos',3,0),(00000001976,2,'','2015-12-15 12:51:06','987837902','1=index_7h1gs12.html','',1,NULL,NULL,NULL,NULL,NULL,'',NULL,NULL,NULL,'Los Alamos',3,0),(00000001977,2,'','2015-12-15 12:51:06','987837903','1=index_7h1gs12.html','',1,NULL,NULL,NULL,NULL,NULL,'',NULL,NULL,NULL,'Los Alamos',3,0),(00000001978,2,'','2015-12-15 12:51:06','987837904','1=index_7h1gs12.html','',1,NULL,NULL,NULL,NULL,NULL,'',NULL,NULL,NULL,'Los Alamos',3,0),(00000001979,2,'','2015-12-15 12:51:06','987837905','1=index_7h1gs12.html','',1,NULL,NULL,NULL,NULL,NULL,'',NULL,NULL,NULL,'Los Alamos',3,0),(00000001980,2,'','2015-12-15 12:51:06','987837906','1=index_7h1gs12.html','',1,NULL,NULL,NULL,NULL,NULL,'',NULL,NULL,NULL,'Los Alamos',3,0),(00000001981,2,'','2015-12-15 12:51:07','987837907','1=index_7h1gs12.html','',1,NULL,NULL,NULL,NULL,NULL,'',NULL,NULL,NULL,'Los Alamos',3,0),(00000001982,2,'','2015-12-15 12:51:07','987837908','1=index_7h1gs12.html','',1,NULL,NULL,NULL,NULL,NULL,'',NULL,NULL,NULL,'Los Alamos',3,0),(00000001983,2,'','2015-12-15 12:51:07','987837909','1=index_7h1gs12.html','',1,NULL,NULL,NULL,NULL,NULL,'',NULL,NULL,NULL,'Los Alamos',3,0),(00000001984,2,'','2015-12-15 12:51:07','987837910','1=index_7h1gs12.html','',1,NULL,NULL,NULL,NULL,NULL,'',NULL,NULL,NULL,'Los Alamos',3,0),(00000001985,2,'','2015-12-15 12:51:07','987837911','1=index_7h1gs12.html','',1,NULL,NULL,NULL,NULL,NULL,'',NULL,NULL,NULL,'Los Alamos',3,0),(00000001986,2,'','2015-12-15 12:51:07','987837912','1=index_7h1gs12.html','',1,NULL,NULL,NULL,NULL,NULL,'',NULL,NULL,NULL,'Los Alamos',3,0),(00000001987,2,'','2015-12-15 12:51:07','987837913','1=index_7h1gs12.html','',1,NULL,NULL,NULL,NULL,NULL,'',NULL,NULL,NULL,'Los Alamos',3,0),(00000001988,2,'','2015-12-15 12:51:07','987837914','1=index_7h1gs12.html','',1,NULL,NULL,NULL,NULL,NULL,'',NULL,NULL,NULL,'Los Alamos',3,0),(00000001989,2,'','2015-12-15 12:51:07','987837915','1=index_7h1gs12.html','',1,NULL,NULL,NULL,NULL,NULL,'',NULL,NULL,NULL,'Los Alamos',3,0),(00000001990,2,'','2015-12-15 12:51:07','987837916','1=index_7h1gs12.html','',1,NULL,NULL,NULL,NULL,NULL,'',NULL,NULL,NULL,'Los Alamos',3,0),(00000001991,2,'','2015-12-15 12:51:07','987837917','1=index_7h1gs12.html','',1,NULL,NULL,NULL,NULL,NULL,'',NULL,NULL,NULL,'Los Alamos',3,0),(00000001992,2,'','2015-12-15 12:52:21','987837900','1=index_iiExwto.html','',1,NULL,NULL,NULL,NULL,NULL,'',NULL,NULL,NULL,'Los Alamos',3,0),(00000001993,2,'','2015-12-15 12:52:21','987837900','1=index_iiExwto.html','',1,NULL,NULL,NULL,NULL,NULL,'',NULL,NULL,NULL,'Los Alamos',3,0),(00000001994,2,'','2015-12-15 12:52:22','987837901','1=index_iiExwto.html','',1,NULL,NULL,NULL,NULL,NULL,'',NULL,NULL,NULL,'Los Alamos',3,0),(00000001995,2,'','2015-12-15 12:52:22','987837902','1=index_iiExwto.html','',1,NULL,NULL,NULL,NULL,NULL,'',NULL,NULL,NULL,'Los Alamos',3,0),(00000001996,2,'','2015-12-15 12:52:22','987837903','1=index_iiExwto.html','',1,NULL,NULL,NULL,NULL,NULL,'',NULL,NULL,NULL,'Los Alamos',3,0),(00000001997,2,'','2015-12-15 12:52:22','987837904','1=index_iiExwto.html','',1,NULL,NULL,NULL,NULL,NULL,'',NULL,NULL,NULL,'Los Alamos',3,0),(00000001998,2,'','2015-12-15 12:52:22','987837905','1=index_iiExwto.html','',1,NULL,NULL,NULL,NULL,NULL,'',NULL,NULL,NULL,'Los Alamos',3,0),(00000001999,2,'','2015-12-15 12:52:22','987837906','1=index_iiExwto.html','',1,NULL,NULL,NULL,NULL,NULL,'',NULL,NULL,NULL,'Los Alamos',3,0),(00000002000,2,'','2015-12-15 12:52:22','987837907','1=index_iiExwto.html','',1,NULL,NULL,NULL,NULL,NULL,'',NULL,NULL,NULL,'Los Alamos',3,0),(00000002001,2,'','2015-12-15 12:52:22','987837908','1=index_iiExwto.html','',1,NULL,NULL,NULL,NULL,NULL,'',NULL,NULL,NULL,'Los Alamos',3,0),(00000002002,2,'','2015-12-15 12:52:22','987837909','1=index_iiExwto.html','',1,NULL,NULL,NULL,NULL,NULL,'',NULL,NULL,NULL,'Los Alamos',3,0),(00000002003,2,'','2015-12-15 12:52:22','987837910','1=index_iiExwto.html','',1,NULL,NULL,NULL,NULL,NULL,'',NULL,NULL,NULL,'Los Alamos',3,0),(00000002004,2,'','2015-12-15 12:52:22','987837911','1=index_iiExwto.html','',1,NULL,NULL,NULL,NULL,NULL,'',NULL,NULL,NULL,'Los Alamos',3,0),(00000002005,2,'','2015-12-15 12:52:22','987837912','1=index_iiExwto.html','',1,NULL,NULL,NULL,NULL,NULL,'',NULL,NULL,NULL,'Los Alamos',3,0),(00000002006,2,'','2015-12-15 12:52:22','987837913','1=index_iiExwto.html','',1,NULL,NULL,NULL,NULL,NULL,'',NULL,NULL,NULL,'Los Alamos',3,0),(00000002007,2,'','2015-12-15 12:52:22','987837914','1=index_iiExwto.html','',1,NULL,NULL,NULL,NULL,NULL,'',NULL,NULL,NULL,'Los Alamos',3,0),(00000002008,2,'','2015-12-15 12:52:22','987837915','1=index_iiExwto.html','',1,NULL,NULL,NULL,NULL,NULL,'',NULL,NULL,NULL,'Los Alamos',3,0),(00000002009,2,'','2015-12-15 12:52:22','987837916','1=index_iiExwto.html','',1,NULL,NULL,NULL,NULL,NULL,'',NULL,NULL,NULL,'Los Alamos',3,0),(00000002010,2,'','2015-12-15 12:52:22','987837917','1=index_iiExwto.html','',1,NULL,NULL,NULL,NULL,NULL,'',NULL,NULL,NULL,'Los Alamos',3,0),(00000002011,2,'','2015-12-15 12:53:21','987837900','1=interfono_azBQAOo.sql2=logo_UEkhBqd.jpg','',1,NULL,NULL,NULL,NULL,NULL,'',NULL,NULL,NULL,'Los Alamos',3,0),(00000002012,2,'','2015-12-15 12:53:21','987837900','1=interfono_azBQAOo.sql2=logo_UEkhBqd.jpg','',1,NULL,NULL,NULL,NULL,NULL,'',NULL,NULL,NULL,'Los Alamos',3,0),(00000002013,2,'','2015-12-15 12:53:21','987837901','1=interfono_azBQAOo.sql2=logo_UEkhBqd.jpg','',1,NULL,NULL,NULL,NULL,NULL,'',NULL,NULL,NULL,'Los Alamos',3,0),(00000002014,2,'','2015-12-15 12:53:21','987837902','1=interfono_azBQAOo.sql2=logo_UEkhBqd.jpg','',1,NULL,NULL,NULL,NULL,NULL,'',NULL,NULL,NULL,'Los Alamos',3,0),(00000002015,2,'','2015-12-15 12:53:21','987837903','1=interfono_azBQAOo.sql2=logo_UEkhBqd.jpg','',1,NULL,NULL,NULL,NULL,NULL,'',NULL,NULL,NULL,'Los Alamos',3,0),(00000002016,2,'','2015-12-15 12:53:21','987837904','1=interfono_azBQAOo.sql2=logo_UEkhBqd.jpg','',1,NULL,NULL,NULL,NULL,NULL,'',NULL,NULL,NULL,'Los Alamos',3,0),(00000002017,2,'','2015-12-15 12:53:21','987837905','1=interfono_azBQAOo.sql2=logo_UEkhBqd.jpg','',1,NULL,NULL,NULL,NULL,NULL,'',NULL,NULL,NULL,'Los Alamos',3,0),(00000002018,2,'','2015-12-15 12:53:22','987837906','1=interfono_azBQAOo.sql2=logo_UEkhBqd.jpg','',1,NULL,NULL,NULL,NULL,NULL,'',NULL,NULL,NULL,'Los Alamos',3,0),(00000002019,2,'','2015-12-15 12:53:22','987837907','1=interfono_azBQAOo.sql2=logo_UEkhBqd.jpg','',1,NULL,NULL,NULL,NULL,NULL,'',NULL,NULL,NULL,'Los Alamos',3,0),(00000002020,2,'','2015-12-15 12:53:22','987837908','1=interfono_azBQAOo.sql2=logo_UEkhBqd.jpg','',1,NULL,NULL,NULL,NULL,NULL,'',NULL,NULL,NULL,'Los Alamos',3,0),(00000002021,2,'','2015-12-15 12:53:22','987837909','1=interfono_azBQAOo.sql2=logo_UEkhBqd.jpg','',1,NULL,NULL,NULL,NULL,NULL,'',NULL,NULL,NULL,'Los Alamos',3,0),(00000002022,2,'','2015-12-15 12:53:22','987837910','1=interfono_azBQAOo.sql2=logo_UEkhBqd.jpg','',1,NULL,NULL,NULL,NULL,NULL,'',NULL,NULL,NULL,'Los Alamos',3,0),(00000002023,2,'','2015-12-15 12:53:22','987837911','1=interfono_azBQAOo.sql2=logo_UEkhBqd.jpg','',1,NULL,NULL,NULL,NULL,NULL,'',NULL,NULL,NULL,'Los Alamos',3,0),(00000002024,2,'','2015-12-15 12:53:22','987837912','1=interfono_azBQAOo.sql2=logo_UEkhBqd.jpg','',1,NULL,NULL,NULL,NULL,NULL,'',NULL,NULL,NULL,'Los Alamos',3,0),(00000002025,2,'','2015-12-15 12:53:22','987837913','1=interfono_azBQAOo.sql2=logo_UEkhBqd.jpg','',1,NULL,NULL,NULL,NULL,NULL,'',NULL,NULL,NULL,'Los Alamos',3,0),(00000002026,2,'','2015-12-15 12:53:22','987837914','1=interfono_azBQAOo.sql2=logo_UEkhBqd.jpg','',1,NULL,NULL,NULL,NULL,NULL,'',NULL,NULL,NULL,'Los Alamos',3,0),(00000002027,2,'','2015-12-15 12:53:22','987837915','1=interfono_azBQAOo.sql2=logo_UEkhBqd.jpg','',1,NULL,NULL,NULL,NULL,NULL,'',NULL,NULL,NULL,'Los Alamos',3,0),(00000002028,2,'','2015-12-15 12:53:22','987837916','1=interfono_azBQAOo.sql2=logo_UEkhBqd.jpg','',1,NULL,NULL,NULL,NULL,NULL,'',NULL,NULL,NULL,'Los Alamos',3,0),(00000002029,2,'','2015-12-15 12:53:22','987837917','1=interfono_azBQAOo.sql2=logo_UEkhBqd.jpg','',1,NULL,NULL,NULL,NULL,NULL,'',NULL,NULL,NULL,'Los Alamos',3,0),(00000002030,2,'','2015-12-15 13:06:58','987837900','1=detalle_perucall_2_2GpcX2k','',1,NULL,NULL,NULL,NULL,NULL,'',NULL,NULL,NULL,'Mind',3,0),(00000002031,2,'','2015-12-15 13:06:58','987837900','1=detalle_perucall_2_2GpcX2k','',1,NULL,NULL,NULL,NULL,NULL,'',NULL,NULL,NULL,'Mind',3,0),(00000002032,2,'','2015-12-15 13:06:58','987837901','1=detalle_perucall_2_2GpcX2k','',1,NULL,NULL,NULL,NULL,NULL,'',NULL,NULL,NULL,'Mind',3,0),(00000002033,2,'','2015-12-15 13:06:58','987837902','1=detalle_perucall_2_2GpcX2k','',1,NULL,NULL,NULL,NULL,NULL,'',NULL,NULL,NULL,'Mind',3,0),(00000002034,2,'','2015-12-15 13:06:58','987837903','1=detalle_perucall_2_2GpcX2k','',1,NULL,NULL,NULL,NULL,NULL,'',NULL,NULL,NULL,'Mind',3,0),(00000002035,2,'','2015-12-15 13:06:58','987837904','1=detalle_perucall_2_2GpcX2k','',1,NULL,NULL,NULL,NULL,NULL,'',NULL,NULL,NULL,'Mind',3,0),(00000002036,2,'','2015-12-15 13:06:58','987837905','1=detalle_perucall_2_2GpcX2k','',1,NULL,NULL,NULL,NULL,NULL,'',NULL,NULL,NULL,'Mind',3,0),(00000002037,2,'','2015-12-15 13:06:58','987837906','1=detalle_perucall_2_2GpcX2k','',1,NULL,NULL,NULL,NULL,NULL,'',NULL,NULL,NULL,'Mind',3,0),(00000002038,2,'','2015-12-15 13:06:59','987837907','1=detalle_perucall_2_2GpcX2k','',1,NULL,NULL,NULL,NULL,NULL,'',NULL,NULL,NULL,'Mind',3,0),(00000002039,2,'','2015-12-15 13:06:59','987837908','1=detalle_perucall_2_2GpcX2k','',1,NULL,NULL,NULL,NULL,NULL,'',NULL,NULL,NULL,'Mind',3,0),(00000002040,2,'','2015-12-15 13:06:59','987837909','1=detalle_perucall_2_2GpcX2k','',1,NULL,NULL,NULL,NULL,NULL,'',NULL,NULL,NULL,'Mind',3,0),(00000002041,2,'','2015-12-15 13:06:59','987837910','1=detalle_perucall_2_2GpcX2k','',1,NULL,NULL,NULL,NULL,NULL,'',NULL,NULL,NULL,'Mind',3,0),(00000002042,2,'','2015-12-15 13:06:59','987837911','1=detalle_perucall_2_2GpcX2k','',1,NULL,NULL,NULL,NULL,NULL,'',NULL,NULL,NULL,'Mind',3,0),(00000002043,2,'','2015-12-15 13:06:59','987837912','1=detalle_perucall_2_2GpcX2k','',1,NULL,NULL,NULL,NULL,NULL,'',NULL,NULL,NULL,'Mind',3,0),(00000002044,2,'','2015-12-15 13:06:59','987837913','1=detalle_perucall_2_2GpcX2k','',1,NULL,NULL,NULL,NULL,NULL,'',NULL,NULL,NULL,'Mind',3,0),(00000002045,2,'','2015-12-15 13:06:59','987837914','1=detalle_perucall_2_2GpcX2k','',1,NULL,NULL,NULL,NULL,NULL,'',NULL,NULL,NULL,'Mind',3,0),(00000002046,2,'','2015-12-15 13:06:59','987837915','1=detalle_perucall_2_2GpcX2k','',1,NULL,NULL,NULL,NULL,NULL,'',NULL,NULL,NULL,'Mind',3,0),(00000002047,2,'','2015-12-15 13:06:59','987837916','1=detalle_perucall_2_2GpcX2k','',1,NULL,NULL,NULL,NULL,NULL,'',NULL,NULL,NULL,'Mind',3,0),(00000002048,2,'','2015-12-15 13:06:59','987837917','1=detalle_perucall_2_2GpcX2k','',1,NULL,NULL,NULL,NULL,NULL,'',NULL,NULL,NULL,'Mind',3,0),(00000002049,2,'','2015-12-15 13:09:47','987837900','1=detalle_perucall_2_mI9MtMY','',1,NULL,NULL,NULL,NULL,NULL,'',NULL,NULL,NULL,'Pulgas',3,0),(00000002050,2,'','2015-12-15 13:09:47','987837900','1=detalle_perucall_2_mI9MtMY','',1,NULL,NULL,NULL,NULL,NULL,'',NULL,NULL,NULL,'Pulgas',3,0),(00000002051,2,'','2015-12-15 13:09:47','987837901','1=detalle_perucall_2_mI9MtMY','',1,NULL,NULL,NULL,NULL,NULL,'',NULL,NULL,NULL,'Pulgas',3,0),(00000002052,2,'','2015-12-15 13:09:47','987837902','1=detalle_perucall_2_mI9MtMY','',1,NULL,NULL,NULL,NULL,NULL,'',NULL,NULL,NULL,'Pulgas',3,0),(00000002053,2,'','2015-12-15 13:09:48','987837903','1=detalle_perucall_2_mI9MtMY','',1,NULL,NULL,NULL,NULL,NULL,'',NULL,NULL,NULL,'Pulgas',3,0),(00000002054,2,'','2015-12-15 13:09:48','987837904','1=detalle_perucall_2_mI9MtMY','',1,NULL,NULL,NULL,NULL,NULL,'',NULL,NULL,NULL,'Pulgas',3,0),(00000002055,2,'','2015-12-15 13:09:48','987837905','1=detalle_perucall_2_mI9MtMY','',1,NULL,NULL,NULL,NULL,NULL,'',NULL,NULL,NULL,'Pulgas',3,0),(00000002056,2,'','2015-12-15 13:09:48','987837906','1=detalle_perucall_2_mI9MtMY','',1,NULL,NULL,NULL,NULL,NULL,'',NULL,NULL,NULL,'Pulgas',3,0),(00000002057,2,'','2015-12-15 13:09:48','987837907','1=detalle_perucall_2_mI9MtMY','',1,NULL,NULL,NULL,NULL,NULL,'',NULL,NULL,NULL,'Pulgas',3,0),(00000002058,2,'','2015-12-15 13:09:48','987837908','1=detalle_perucall_2_mI9MtMY','',1,NULL,NULL,NULL,NULL,NULL,'',NULL,NULL,NULL,'Pulgas',3,0),(00000002059,2,'','2015-12-15 13:09:48','987837909','1=detalle_perucall_2_mI9MtMY','',1,NULL,NULL,NULL,NULL,NULL,'',NULL,NULL,NULL,'Pulgas',3,0),(00000002060,2,'','2015-12-15 13:09:48','987837910','1=detalle_perucall_2_mI9MtMY','',1,NULL,NULL,NULL,NULL,NULL,'',NULL,NULL,NULL,'Pulgas',3,0),(00000002061,2,'','2015-12-15 13:09:48','987837911','1=detalle_perucall_2_mI9MtMY','',1,NULL,NULL,NULL,NULL,NULL,'',NULL,NULL,NULL,'Pulgas',3,0),(00000002062,2,'','2015-12-15 13:09:48','987837912','1=detalle_perucall_2_mI9MtMY','',1,NULL,NULL,NULL,NULL,NULL,'',NULL,NULL,NULL,'Pulgas',3,0),(00000002063,2,'','2015-12-15 13:09:48','987837913','1=detalle_perucall_2_mI9MtMY','',1,NULL,NULL,NULL,NULL,NULL,'',NULL,NULL,NULL,'Pulgas',3,0),(00000002064,2,'','2015-12-15 13:09:48','987837914','1=detalle_perucall_2_mI9MtMY','',1,NULL,NULL,NULL,NULL,NULL,'',NULL,NULL,NULL,'Pulgas',3,0),(00000002065,2,'','2015-12-15 13:09:48','987837915','1=detalle_perucall_2_mI9MtMY','',1,NULL,NULL,NULL,NULL,NULL,'',NULL,NULL,NULL,'Pulgas',3,0),(00000002066,2,'','2015-12-15 13:09:48','987837916','1=detalle_perucall_2_mI9MtMY','',1,NULL,NULL,NULL,NULL,NULL,'',NULL,NULL,NULL,'Pulgas',3,0),(00000002067,2,'','2015-12-15 13:09:48','987837917','1=detalle_perucall_2_mI9MtMY','',1,NULL,NULL,NULL,NULL,NULL,'',NULL,NULL,NULL,'Pulgas',3,0),(00000002068,2,'','2015-12-15 13:10:36','987837900','1=detalle_perucall_2_gZXZUua','',1,NULL,NULL,NULL,NULL,NULL,'',NULL,NULL,NULL,'Pulgas',3,0),(00000002069,2,'','2015-12-15 13:10:37','987837900','1=detalle_perucall_2_gZXZUua','',1,NULL,NULL,NULL,NULL,NULL,'',NULL,NULL,NULL,'Pulgas',3,0),(00000002070,2,'','2015-12-15 13:10:37','987837901','1=detalle_perucall_2_gZXZUua','',1,NULL,NULL,NULL,NULL,NULL,'',NULL,NULL,NULL,'Pulgas',3,0),(00000002071,2,'','2015-12-15 13:10:37','987837902','1=detalle_perucall_2_gZXZUua','',1,NULL,NULL,NULL,NULL,NULL,'',NULL,NULL,NULL,'Pulgas',3,0),(00000002072,2,'','2015-12-15 13:10:37','987837903','1=detalle_perucall_2_gZXZUua','',1,NULL,NULL,NULL,NULL,NULL,'',NULL,NULL,NULL,'Pulgas',3,0),(00000002073,2,'','2015-12-15 13:10:37','987837904','1=detalle_perucall_2_gZXZUua','',1,NULL,NULL,NULL,NULL,NULL,'',NULL,NULL,NULL,'Pulgas',3,0),(00000002074,2,'','2015-12-15 13:10:37','987837905','1=detalle_perucall_2_gZXZUua','',1,NULL,NULL,NULL,NULL,NULL,'',NULL,NULL,NULL,'Pulgas',3,0),(00000002075,2,'','2015-12-15 13:10:37','987837906','1=detalle_perucall_2_gZXZUua','',1,NULL,NULL,NULL,NULL,NULL,'',NULL,NULL,NULL,'Pulgas',3,0),(00000002076,2,'','2015-12-15 13:10:37','987837907','1=detalle_perucall_2_gZXZUua','',1,NULL,NULL,NULL,NULL,NULL,'',NULL,NULL,NULL,'Pulgas',3,0),(00000002077,2,'','2015-12-15 13:10:37','987837908','1=detalle_perucall_2_gZXZUua','',1,NULL,NULL,NULL,NULL,NULL,'',NULL,NULL,NULL,'Pulgas',3,0),(00000002078,2,'','2015-12-15 13:10:37','987837909','1=detalle_perucall_2_gZXZUua','',1,NULL,NULL,NULL,NULL,NULL,'',NULL,NULL,NULL,'Pulgas',3,0),(00000002079,2,'','2015-12-15 13:10:37','987837910','1=detalle_perucall_2_gZXZUua','',1,NULL,NULL,NULL,NULL,NULL,'',NULL,NULL,NULL,'Pulgas',3,0),(00000002080,2,'','2015-12-15 13:10:37','987837911','1=detalle_perucall_2_gZXZUua','',1,NULL,NULL,NULL,NULL,NULL,'',NULL,NULL,NULL,'Pulgas',3,0),(00000002081,2,'','2015-12-15 13:10:37','987837912','1=detalle_perucall_2_gZXZUua','',1,NULL,NULL,NULL,NULL,NULL,'',NULL,NULL,NULL,'Pulgas',3,0),(00000002082,2,'','2015-12-15 13:10:37','987837913','1=detalle_perucall_2_gZXZUua','',1,NULL,NULL,NULL,NULL,NULL,'',NULL,NULL,NULL,'Pulgas',3,0),(00000002083,2,'','2015-12-15 13:10:37','987837914','1=detalle_perucall_2_gZXZUua','',1,NULL,NULL,NULL,NULL,NULL,'',NULL,NULL,NULL,'Pulgas',3,0),(00000002084,2,'','2015-12-15 13:10:37','987837915','1=detalle_perucall_2_gZXZUua','',1,NULL,NULL,NULL,NULL,NULL,'',NULL,NULL,NULL,'Pulgas',3,0),(00000002085,2,'','2015-12-15 13:10:37','987837916','1=detalle_perucall_2_gZXZUua','',1,NULL,NULL,NULL,NULL,NULL,'',NULL,NULL,NULL,'Pulgas',3,0),(00000002086,2,'','2015-12-15 13:10:37','987837917','1=detalle_perucall_2_gZXZUua','',1,NULL,NULL,NULL,NULL,NULL,'',NULL,NULL,NULL,'Pulgas',3,0),(00000002087,2,'','2015-12-15 13:46:40','987837900','1=Perucall_modificaciones__5_CUNKjKC.docx','',1,NULL,NULL,NULL,NULL,NULL,'',NULL,NULL,NULL,'Perritos ',3,0),(00000002088,2,'','2015-12-15 13:46:40','987837900','1=Perucall_modificaciones__5_CUNKjKC.docx','',1,NULL,NULL,NULL,NULL,NULL,'',NULL,NULL,NULL,'Perritos ',3,0),(00000002089,2,'','2015-12-15 13:46:40','987837901','1=Perucall_modificaciones__5_CUNKjKC.docx','',1,NULL,NULL,NULL,NULL,NULL,'',NULL,NULL,NULL,'Perritos ',3,0),(00000002090,2,'','2015-12-15 13:46:40','987837902','1=Perucall_modificaciones__5_CUNKjKC.docx','',1,NULL,NULL,NULL,NULL,NULL,'',NULL,NULL,NULL,'Perritos ',3,0),(00000002091,2,'','2015-12-15 13:46:40','987837903','1=Perucall_modificaciones__5_CUNKjKC.docx','',1,NULL,NULL,NULL,NULL,NULL,'',NULL,NULL,NULL,'Perritos ',3,0),(00000002092,2,'','2015-12-15 13:46:40','987837904','1=Perucall_modificaciones__5_CUNKjKC.docx','',1,NULL,NULL,NULL,NULL,NULL,'',NULL,NULL,NULL,'Perritos ',3,0),(00000002093,2,'','2015-12-15 13:46:40','987837905','1=Perucall_modificaciones__5_CUNKjKC.docx','',1,NULL,NULL,NULL,NULL,NULL,'',NULL,NULL,NULL,'Perritos ',3,0),(00000002094,2,'','2015-12-15 13:46:40','987837906','1=Perucall_modificaciones__5_CUNKjKC.docx','',1,NULL,NULL,NULL,NULL,NULL,'',NULL,NULL,NULL,'Perritos ',3,0),(00000002095,2,'','2015-12-15 13:46:40','987837907','1=Perucall_modificaciones__5_CUNKjKC.docx','',1,NULL,NULL,NULL,NULL,NULL,'',NULL,NULL,NULL,'Perritos ',3,0),(00000002096,2,'','2015-12-15 13:46:40','987837908','1=Perucall_modificaciones__5_CUNKjKC.docx','',1,NULL,NULL,NULL,NULL,NULL,'',NULL,NULL,NULL,'Perritos ',3,0),(00000002097,2,'','2015-12-15 13:46:41','987837909','1=Perucall_modificaciones__5_CUNKjKC.docx','',1,NULL,NULL,NULL,NULL,NULL,'',NULL,NULL,NULL,'Perritos ',3,0),(00000002098,2,'','2015-12-15 13:46:41','987837910','1=Perucall_modificaciones__5_CUNKjKC.docx','',1,NULL,NULL,NULL,NULL,NULL,'',NULL,NULL,NULL,'Perritos ',3,0),(00000002099,2,'','2015-12-15 13:46:41','987837911','1=Perucall_modificaciones__5_CUNKjKC.docx','',1,NULL,NULL,NULL,NULL,NULL,'',NULL,NULL,NULL,'Perritos ',3,0),(00000002100,2,'','2015-12-15 13:46:41','987837912','1=Perucall_modificaciones__5_CUNKjKC.docx','',1,NULL,NULL,NULL,NULL,NULL,'',NULL,NULL,NULL,'Perritos ',3,0),(00000002101,2,'','2015-12-15 13:46:41','987837913','1=Perucall_modificaciones__5_CUNKjKC.docx','',1,NULL,NULL,NULL,NULL,NULL,'',NULL,NULL,NULL,'Perritos ',3,0),(00000002102,2,'','2015-12-15 13:46:41','987837914','1=Perucall_modificaciones__5_CUNKjKC.docx','',1,NULL,NULL,NULL,NULL,NULL,'',NULL,NULL,NULL,'Perritos ',3,0),(00000002103,2,'','2015-12-15 13:46:41','987837915','1=Perucall_modificaciones__5_CUNKjKC.docx','',1,NULL,NULL,NULL,NULL,NULL,'',NULL,NULL,NULL,'Perritos ',3,0),(00000002104,2,'','2015-12-15 13:46:41','987837916','1=Perucall_modificaciones__5_CUNKjKC.docx','',1,NULL,NULL,NULL,NULL,NULL,'',NULL,NULL,NULL,'Perritos ',3,0),(00000002105,2,'','2015-12-15 13:46:41','987837917','1=Perucall_modificaciones__5_CUNKjKC.docx','',1,NULL,NULL,NULL,NULL,NULL,'',NULL,NULL,NULL,'Perritos ',3,0),(00000002106,2,'','2015-12-15 13:47:33','987837900','1=detalle_perucall_2_sIDYaF8','',1,NULL,NULL,NULL,NULL,NULL,'',NULL,NULL,NULL,'Siria Help',3,0),(00000002107,2,'','2015-12-15 13:47:33','987837900','1=detalle_perucall_2_sIDYaF8','',1,NULL,NULL,NULL,NULL,NULL,'',NULL,NULL,NULL,'Siria Help',3,0),(00000002108,2,'','2015-12-15 13:47:33','987837901','1=detalle_perucall_2_sIDYaF8','',1,NULL,NULL,NULL,NULL,NULL,'',NULL,NULL,NULL,'Siria Help',3,0),(00000002109,2,'','2015-12-15 13:47:33','987837902','1=detalle_perucall_2_sIDYaF8','',1,NULL,NULL,NULL,NULL,NULL,'',NULL,NULL,NULL,'Siria Help',3,0),(00000002110,2,'','2015-12-15 13:47:33','987837903','1=detalle_perucall_2_sIDYaF8','',1,NULL,NULL,NULL,NULL,NULL,'',NULL,NULL,NULL,'Siria Help',3,0),(00000002111,2,'','2015-12-15 13:47:33','987837904','1=detalle_perucall_2_sIDYaF8','',1,NULL,NULL,NULL,NULL,NULL,'',NULL,NULL,NULL,'Siria Help',3,0),(00000002112,2,'','2015-12-15 13:47:33','987837905','1=detalle_perucall_2_sIDYaF8','',1,NULL,NULL,NULL,NULL,NULL,'',NULL,NULL,NULL,'Siria Help',3,0),(00000002113,2,'','2015-12-15 13:47:33','987837906','1=detalle_perucall_2_sIDYaF8','',1,NULL,NULL,NULL,NULL,NULL,'',NULL,NULL,NULL,'Siria Help',3,0),(00000002114,2,'','2015-12-15 13:47:33','987837907','1=detalle_perucall_2_sIDYaF8','',1,NULL,NULL,NULL,NULL,NULL,'',NULL,NULL,NULL,'Siria Help',3,0),(00000002115,2,'','2015-12-15 13:47:33','987837908','1=detalle_perucall_2_sIDYaF8','',1,NULL,NULL,NULL,NULL,NULL,'',NULL,NULL,NULL,'Siria Help',3,0),(00000002116,2,'','2015-12-15 13:47:33','987837909','1=detalle_perucall_2_sIDYaF8','',1,NULL,NULL,NULL,NULL,NULL,'',NULL,NULL,NULL,'Siria Help',3,0),(00000002117,2,'','2015-12-15 13:47:33','987837910','1=detalle_perucall_2_sIDYaF8','',1,NULL,NULL,NULL,NULL,NULL,'',NULL,NULL,NULL,'Siria Help',3,0),(00000002118,2,'','2015-12-15 13:47:33','987837911','1=detalle_perucall_2_sIDYaF8','',1,NULL,NULL,NULL,NULL,NULL,'',NULL,NULL,NULL,'Siria Help',3,0),(00000002119,2,'','2015-12-15 13:47:33','987837912','1=detalle_perucall_2_sIDYaF8','',1,NULL,NULL,NULL,NULL,NULL,'',NULL,NULL,NULL,'Siria Help',3,0),(00000002120,2,'','2015-12-15 13:47:34','987837913','1=detalle_perucall_2_sIDYaF8','',1,NULL,NULL,NULL,NULL,NULL,'',NULL,NULL,NULL,'Siria Help',3,0),(00000002121,2,'','2015-12-15 13:47:34','987837914','1=detalle_perucall_2_sIDYaF8','',1,NULL,NULL,NULL,NULL,NULL,'',NULL,NULL,NULL,'Siria Help',3,0),(00000002122,2,'','2015-12-15 13:47:34','987837915','1=detalle_perucall_2_sIDYaF8','',1,NULL,NULL,NULL,NULL,NULL,'',NULL,NULL,NULL,'Siria Help',3,0),(00000002123,2,'','2015-12-15 13:47:34','987837916','1=detalle_perucall_2_sIDYaF8','',1,NULL,NULL,NULL,NULL,NULL,'',NULL,NULL,NULL,'Siria Help',3,0),(00000002124,2,'','2015-12-15 13:47:34','987837917','1=detalle_perucall_2_sIDYaF8','',1,NULL,NULL,NULL,NULL,NULL,'',NULL,NULL,NULL,'Siria Help',3,0),(00000002125,2,'','2015-12-15 14:03:02','987837900','1=Modelamiento_PC_Observaciones_2_OFf3fcT.xlsx','',1,NULL,NULL,NULL,NULL,NULL,'',NULL,NULL,NULL,'Tu_Papi',3,0),(00000002126,2,'','2015-12-15 14:03:02','987837900','1=Modelamiento_PC_Observaciones_2_OFf3fcT.xlsx','',1,NULL,NULL,NULL,NULL,NULL,'',NULL,NULL,NULL,'Tu_Papi',3,0),(00000002127,2,'','2015-12-15 14:03:02','987837901','1=Modelamiento_PC_Observaciones_2_OFf3fcT.xlsx','',1,NULL,NULL,NULL,NULL,NULL,'',NULL,NULL,NULL,'Tu_Papi',3,0),(00000002128,2,'','2015-12-15 14:03:02','987837902','1=Modelamiento_PC_Observaciones_2_OFf3fcT.xlsx','',1,NULL,NULL,NULL,NULL,NULL,'',NULL,NULL,NULL,'Tu_Papi',3,0),(00000002129,2,'','2015-12-15 14:03:02','987837903','1=Modelamiento_PC_Observaciones_2_OFf3fcT.xlsx','',1,NULL,NULL,NULL,NULL,NULL,'',NULL,NULL,NULL,'Tu_Papi',3,0),(00000002130,2,'','2015-12-15 14:03:02','987837904','1=Modelamiento_PC_Observaciones_2_OFf3fcT.xlsx','',1,NULL,NULL,NULL,NULL,NULL,'',NULL,NULL,NULL,'Tu_Papi',3,0),(00000002131,2,'','2015-12-15 14:03:02','987837905','1=Modelamiento_PC_Observaciones_2_OFf3fcT.xlsx','',1,NULL,NULL,NULL,NULL,NULL,'',NULL,NULL,NULL,'Tu_Papi',3,0),(00000002132,2,'','2015-12-15 14:03:02','987837906','1=Modelamiento_PC_Observaciones_2_OFf3fcT.xlsx','',1,NULL,NULL,NULL,NULL,NULL,'',NULL,NULL,NULL,'Tu_Papi',3,0),(00000002133,2,'','2015-12-15 14:03:03','987837907','1=Modelamiento_PC_Observaciones_2_OFf3fcT.xlsx','',1,NULL,NULL,NULL,NULL,NULL,'',NULL,NULL,NULL,'Tu_Papi',3,0),(00000002134,2,'','2015-12-15 14:03:03','987837908','1=Modelamiento_PC_Observaciones_2_OFf3fcT.xlsx','',1,NULL,NULL,NULL,NULL,NULL,'',NULL,NULL,NULL,'Tu_Papi',3,0),(00000002135,2,'','2015-12-15 14:03:03','987837909','1=Modelamiento_PC_Observaciones_2_OFf3fcT.xlsx','',1,NULL,NULL,NULL,NULL,NULL,'',NULL,NULL,NULL,'Tu_Papi',3,0),(00000002136,2,'','2015-12-15 14:03:03','987837910','1=Modelamiento_PC_Observaciones_2_OFf3fcT.xlsx','',1,NULL,NULL,NULL,NULL,NULL,'',NULL,NULL,NULL,'Tu_Papi',3,0),(00000002137,2,'','2015-12-15 14:03:03','987837911','1=Modelamiento_PC_Observaciones_2_OFf3fcT.xlsx','',1,NULL,NULL,NULL,NULL,NULL,'',NULL,NULL,NULL,'Tu_Papi',3,0),(00000002138,2,'','2015-12-15 14:03:03','987837912','1=Modelamiento_PC_Observaciones_2_OFf3fcT.xlsx','',1,NULL,NULL,NULL,NULL,NULL,'',NULL,NULL,NULL,'Tu_Papi',3,0),(00000002139,2,'','2015-12-15 14:03:03','987837913','1=Modelamiento_PC_Observaciones_2_OFf3fcT.xlsx','',1,NULL,NULL,NULL,NULL,NULL,'',NULL,NULL,NULL,'Tu_Papi',3,0),(00000002140,2,'','2015-12-15 14:03:03','987837914','1=Modelamiento_PC_Observaciones_2_OFf3fcT.xlsx','',1,NULL,NULL,NULL,NULL,NULL,'',NULL,NULL,NULL,'Tu_Papi',3,0),(00000002141,2,'','2015-12-15 14:03:03','987837915','1=Modelamiento_PC_Observaciones_2_OFf3fcT.xlsx','',1,NULL,NULL,NULL,NULL,NULL,'',NULL,NULL,NULL,'Tu_Papi',3,0),(00000002142,2,'','2015-12-15 14:03:03','987837916','1=Modelamiento_PC_Observaciones_2_OFf3fcT.xlsx','',1,NULL,NULL,NULL,NULL,NULL,'',NULL,NULL,NULL,'Tu_Papi',3,0),(00000002143,2,'','2015-12-15 14:03:03','987837917','1=Modelamiento_PC_Observaciones_2_OFf3fcT.xlsx','',1,NULL,NULL,NULL,NULL,NULL,'',NULL,NULL,NULL,'Tu_Papi',3,0),(00000002144,2,'','2015-12-15 15:19:12','987837900','1=detalle_perucall_2_F8CZvtQ','',1,NULL,NULL,NULL,NULL,NULL,'',NULL,NULL,NULL,'Colaborape',3,0),(00000002145,2,'','2015-12-15 15:19:12','987837900','1=detalle_perucall_2_F8CZvtQ','',1,NULL,NULL,NULL,NULL,NULL,'',NULL,NULL,NULL,'Colaborape',3,0),(00000002146,2,'','2015-12-15 15:19:12','987837901','1=detalle_perucall_2_F8CZvtQ','',1,NULL,NULL,NULL,NULL,NULL,'',NULL,NULL,NULL,'Colaborape',3,0),(00000002147,2,'','2015-12-15 15:19:12','987837902','1=detalle_perucall_2_F8CZvtQ','',1,NULL,NULL,NULL,NULL,NULL,'',NULL,NULL,NULL,'Colaborape',3,0),(00000002148,2,'','2015-12-15 15:19:12','987837903','1=detalle_perucall_2_F8CZvtQ','',1,NULL,NULL,NULL,NULL,NULL,'',NULL,NULL,NULL,'Colaborape',3,0),(00000002149,2,'','2015-12-15 15:19:12','987837904','1=detalle_perucall_2_F8CZvtQ','',1,NULL,NULL,NULL,NULL,NULL,'',NULL,NULL,NULL,'Colaborape',3,0),(00000002150,2,'','2015-12-15 15:19:12','987837905','1=detalle_perucall_2_F8CZvtQ','',1,NULL,NULL,NULL,NULL,NULL,'',NULL,NULL,NULL,'Colaborape',3,0),(00000002151,2,'','2015-12-15 15:19:12','987837906','1=detalle_perucall_2_F8CZvtQ','',1,NULL,NULL,NULL,NULL,NULL,'',NULL,NULL,NULL,'Colaborape',3,0),(00000002152,2,'','2015-12-15 15:19:12','987837907','1=detalle_perucall_2_F8CZvtQ','',1,NULL,NULL,NULL,NULL,NULL,'',NULL,NULL,NULL,'Colaborape',3,0),(00000002153,2,'','2015-12-15 15:19:12','987837908','1=detalle_perucall_2_F8CZvtQ','',1,NULL,NULL,NULL,NULL,NULL,'',NULL,NULL,NULL,'Colaborape',3,0),(00000002154,2,'','2015-12-15 15:19:12','987837909','1=detalle_perucall_2_F8CZvtQ','',1,NULL,NULL,NULL,NULL,NULL,'',NULL,NULL,NULL,'Colaborape',3,0),(00000002155,2,'','2015-12-15 15:19:12','987837910','1=detalle_perucall_2_F8CZvtQ','',1,NULL,NULL,NULL,NULL,NULL,'',NULL,NULL,NULL,'Colaborape',3,0),(00000002156,2,'','2015-12-15 15:19:12','987837911','1=detalle_perucall_2_F8CZvtQ','',1,NULL,NULL,NULL,NULL,NULL,'',NULL,NULL,NULL,'Colaborape',3,0),(00000002157,2,'','2015-12-15 15:19:12','987837912','1=detalle_perucall_2_F8CZvtQ','',1,NULL,NULL,NULL,NULL,NULL,'',NULL,NULL,NULL,'Colaborape',3,0),(00000002158,2,'','2015-12-15 15:19:12','987837913','1=detalle_perucall_2_F8CZvtQ','',1,NULL,NULL,NULL,NULL,NULL,'',NULL,NULL,NULL,'Colaborape',3,0),(00000002159,2,'','2015-12-15 15:19:12','987837914','1=detalle_perucall_2_F8CZvtQ','',1,NULL,NULL,NULL,NULL,NULL,'',NULL,NULL,NULL,'Colaborape',3,0),(00000002160,2,'','2015-12-15 15:19:12','987837915','1=detalle_perucall_2_F8CZvtQ','',1,NULL,NULL,NULL,NULL,NULL,'',NULL,NULL,NULL,'Colaborape',3,0),(00000002161,2,'','2015-12-15 15:19:13','987837916','1=detalle_perucall_2_F8CZvtQ','',1,NULL,NULL,NULL,NULL,NULL,'',NULL,NULL,NULL,'Colaborape',3,0),(00000002162,2,'','2015-12-15 15:19:13','987837917','1=detalle_perucall_2_F8CZvtQ','',1,NULL,NULL,NULL,NULL,NULL,'',NULL,NULL,NULL,'Colaborape',3,0),(00000002163,2,'','2015-12-15 15:21:20','987837900','1=Modelamiento_PC_Observaciones_2_zAjG9Se.xlsx','',1,NULL,NULL,NULL,NULL,NULL,'',NULL,NULL,NULL,'Pulgas',3,0),(00000002164,2,'','2015-12-15 15:21:20','987837900','1=Modelamiento_PC_Observaciones_2_zAjG9Se.xlsx','',1,NULL,NULL,NULL,NULL,NULL,'',NULL,NULL,NULL,'Pulgas',3,0),(00000002165,2,'','2015-12-15 15:21:21','987837901','1=Modelamiento_PC_Observaciones_2_zAjG9Se.xlsx','',1,NULL,NULL,NULL,NULL,NULL,'',NULL,NULL,NULL,'Pulgas',3,0),(00000002166,2,'','2015-12-15 15:21:21','987837902','1=Modelamiento_PC_Observaciones_2_zAjG9Se.xlsx','',1,NULL,NULL,NULL,NULL,NULL,'',NULL,NULL,NULL,'Pulgas',3,0),(00000002167,2,'','2015-12-15 15:21:21','987837903','1=Modelamiento_PC_Observaciones_2_zAjG9Se.xlsx','',1,NULL,NULL,NULL,NULL,NULL,'',NULL,NULL,NULL,'Pulgas',3,0),(00000002168,2,'','2015-12-15 15:21:21','987837904','1=Modelamiento_PC_Observaciones_2_zAjG9Se.xlsx','',1,NULL,NULL,NULL,NULL,NULL,'',NULL,NULL,NULL,'Pulgas',3,0),(00000002169,2,'','2015-12-15 15:21:21','987837905','1=Modelamiento_PC_Observaciones_2_zAjG9Se.xlsx','',1,NULL,NULL,NULL,NULL,NULL,'',NULL,NULL,NULL,'Pulgas',3,0),(00000002170,2,'','2015-12-15 15:21:21','987837906','1=Modelamiento_PC_Observaciones_2_zAjG9Se.xlsx','',1,NULL,NULL,NULL,NULL,NULL,'',NULL,NULL,NULL,'Pulgas',3,0),(00000002171,2,'','2015-12-15 15:21:21','987837907','1=Modelamiento_PC_Observaciones_2_zAjG9Se.xlsx','',1,NULL,NULL,NULL,NULL,NULL,'',NULL,NULL,NULL,'Pulgas',3,0),(00000002172,2,'','2015-12-15 15:21:21','987837908','1=Modelamiento_PC_Observaciones_2_zAjG9Se.xlsx','',1,NULL,NULL,NULL,NULL,NULL,'',NULL,NULL,NULL,'Pulgas',3,0),(00000002173,2,'','2015-12-15 15:21:21','987837909','1=Modelamiento_PC_Observaciones_2_zAjG9Se.xlsx','',1,NULL,NULL,NULL,NULL,NULL,'',NULL,NULL,NULL,'Pulgas',3,0),(00000002174,2,'','2015-12-15 15:21:21','987837910','1=Modelamiento_PC_Observaciones_2_zAjG9Se.xlsx','',1,NULL,NULL,NULL,NULL,NULL,'',NULL,NULL,NULL,'Pulgas',3,0),(00000002175,2,'','2015-12-15 15:21:21','987837911','1=Modelamiento_PC_Observaciones_2_zAjG9Se.xlsx','',1,NULL,NULL,NULL,NULL,NULL,'',NULL,NULL,NULL,'Pulgas',3,0),(00000002176,2,'','2015-12-15 15:21:21','987837912','1=Modelamiento_PC_Observaciones_2_zAjG9Se.xlsx','',1,NULL,NULL,NULL,NULL,NULL,'',NULL,NULL,NULL,'Pulgas',3,0),(00000002177,2,'','2015-12-15 15:21:21','987837913','1=Modelamiento_PC_Observaciones_2_zAjG9Se.xlsx','',1,NULL,NULL,NULL,NULL,NULL,'',NULL,NULL,NULL,'Pulgas',3,0),(00000002178,2,'','2015-12-15 15:21:21','987837914','1=Modelamiento_PC_Observaciones_2_zAjG9Se.xlsx','',1,NULL,NULL,NULL,NULL,NULL,'',NULL,NULL,NULL,'Pulgas',3,0),(00000002179,2,'','2015-12-15 15:21:21','987837915','1=Modelamiento_PC_Observaciones_2_zAjG9Se.xlsx','',1,NULL,NULL,NULL,NULL,NULL,'',NULL,NULL,NULL,'Pulgas',3,0),(00000002180,2,'','2015-12-15 15:21:21','987837916','1=Modelamiento_PC_Observaciones_2_zAjG9Se.xlsx','',1,NULL,NULL,NULL,NULL,NULL,'',NULL,NULL,NULL,'Pulgas',3,0),(00000002181,2,'','2015-12-15 15:21:21','987837917','1=Modelamiento_PC_Observaciones_2_zAjG9Se.xlsx','',1,NULL,NULL,NULL,NULL,NULL,'',NULL,NULL,NULL,'Pulgas',3,0),(00000002182,2,'','2015-12-16 16:58:37','987837900','1=BBVA_2.mp3','',1,NULL,NULL,NULL,NULL,NULL,'',NULL,NULL,NULL,'Mi_primera_carga_',3,0),(00000002183,2,'','2015-12-16 16:58:38','987837900','1=BBVA_2.mp3','',1,NULL,NULL,NULL,NULL,NULL,'',NULL,NULL,NULL,'Mi_primera_carga_',3,0),(00000002184,2,'','2015-12-16 16:58:38','987837901','1=BBVA_2.mp3','',1,NULL,NULL,NULL,NULL,NULL,'',NULL,NULL,NULL,'Mi_primera_carga_',3,0),(00000002185,2,'','2015-12-16 16:58:38','987837902','1=BBVA_2.mp3','',1,NULL,NULL,NULL,NULL,NULL,'',NULL,NULL,NULL,'Mi_primera_carga_',3,0),(00000002186,2,'','2015-12-16 16:58:38','987837903','1=BBVA_2.mp3','',1,NULL,NULL,NULL,NULL,NULL,'',NULL,NULL,NULL,'Mi_primera_carga_',3,0),(00000002187,2,'','2015-12-16 16:58:38','987837904','1=BBVA_2.mp3','',1,NULL,NULL,NULL,NULL,NULL,'',NULL,NULL,NULL,'Mi_primera_carga_',3,0),(00000002188,2,'','2015-12-16 16:58:38','987837905','1=BBVA_2.mp3','',1,NULL,NULL,NULL,NULL,NULL,'',NULL,NULL,NULL,'Mi_primera_carga_',3,0),(00000002189,2,'','2015-12-16 16:58:38','987837906','1=BBVA_2.mp3','',1,NULL,NULL,NULL,NULL,NULL,'',NULL,NULL,NULL,'Mi_primera_carga_',3,0),(00000002190,2,'','2015-12-16 16:58:38','987837907','1=BBVA_2.mp3','',1,NULL,NULL,NULL,NULL,NULL,'',NULL,NULL,NULL,'Mi_primera_carga_',3,0),(00000002191,2,'','2015-12-16 16:58:38','987837908','1=BBVA_2.mp3','',1,NULL,NULL,NULL,NULL,NULL,'',NULL,NULL,NULL,'Mi_primera_carga_',3,0),(00000002192,2,'','2015-12-16 16:58:38','987837909','1=BBVA_2.mp3','',1,NULL,NULL,NULL,NULL,NULL,'',NULL,NULL,NULL,'Mi_primera_carga_',3,0),(00000002193,2,'','2015-12-16 16:58:38','987837910','1=BBVA_2.mp3','',1,NULL,NULL,NULL,NULL,NULL,'',NULL,NULL,NULL,'Mi_primera_carga_',3,0),(00000002194,2,'','2015-12-16 16:58:38','987837911','1=BBVA_2.mp3','',1,NULL,NULL,NULL,NULL,NULL,'',NULL,NULL,NULL,'Mi_primera_carga_',3,0),(00000002195,2,'','2015-12-16 16:58:38','987837912','1=BBVA_2.mp3','',1,NULL,NULL,NULL,NULL,NULL,'',NULL,NULL,NULL,'Mi_primera_carga_',3,0),(00000002196,2,'','2015-12-16 16:58:38','987837913','1=BBVA_2.mp3','',1,NULL,NULL,NULL,NULL,NULL,'',NULL,NULL,NULL,'Mi_primera_carga_',3,0),(00000002197,2,'','2015-12-16 16:58:38','987837914','1=BBVA_2.mp3','',1,NULL,NULL,NULL,NULL,NULL,'',NULL,NULL,NULL,'Mi_primera_carga_',3,0),(00000002198,2,'','2015-12-16 16:58:38','987837915','1=BBVA_2.mp3','',1,NULL,NULL,NULL,NULL,NULL,'',NULL,NULL,NULL,'Mi_primera_carga_',3,0),(00000002199,2,'','2015-12-16 16:58:38','987837916','1=BBVA_2.mp3','',1,NULL,NULL,NULL,NULL,NULL,'',NULL,NULL,NULL,'Mi_primera_carga_',3,0),(00000002200,2,'','2015-12-16 16:58:38','987837917','1=BBVA_2.mp3','',1,NULL,NULL,NULL,NULL,NULL,'',NULL,NULL,NULL,'Mi_primera_carga_',3,0),(00000002201,2,'','2015-12-16 17:19:17','987837900','1=dilootuoficial_P98Ziwt.psd','',1,NULL,NULL,NULL,NULL,NULL,'',NULL,NULL,NULL,'Mi_segunda_carga_',3,0),(00000002202,2,'','2015-12-16 17:19:17','987837900','1=dilootuoficial_P98Ziwt.psd','',1,NULL,NULL,NULL,NULL,NULL,'',NULL,NULL,NULL,'Mi_segunda_carga_',3,0),(00000002203,2,'','2015-12-16 17:19:17','987837901','1=dilootuoficial_P98Ziwt.psd','',1,NULL,NULL,NULL,NULL,NULL,'',NULL,NULL,NULL,'Mi_segunda_carga_',3,0),(00000002204,2,'','2015-12-16 17:19:17','987837902','1=dilootuoficial_P98Ziwt.psd','',1,NULL,NULL,NULL,NULL,NULL,'',NULL,NULL,NULL,'Mi_segunda_carga_',3,0),(00000002205,2,'','2015-12-16 17:19:17','987837903','1=dilootuoficial_P98Ziwt.psd','',1,NULL,NULL,NULL,NULL,NULL,'',NULL,NULL,NULL,'Mi_segunda_carga_',3,0),(00000002206,2,'','2015-12-16 17:19:17','987837904','1=dilootuoficial_P98Ziwt.psd','',1,NULL,NULL,NULL,NULL,NULL,'',NULL,NULL,NULL,'Mi_segunda_carga_',3,0),(00000002207,2,'','2015-12-16 17:19:17','987837905','1=dilootuoficial_P98Ziwt.psd','',1,NULL,NULL,NULL,NULL,NULL,'',NULL,NULL,NULL,'Mi_segunda_carga_',3,0),(00000002208,2,'','2015-12-16 17:19:17','987837906','1=dilootuoficial_P98Ziwt.psd','',1,NULL,NULL,NULL,NULL,NULL,'',NULL,NULL,NULL,'Mi_segunda_carga_',3,0),(00000002209,2,'','2015-12-16 17:19:17','987837907','1=dilootuoficial_P98Ziwt.psd','',1,NULL,NULL,NULL,NULL,NULL,'',NULL,NULL,NULL,'Mi_segunda_carga_',3,0),(00000002210,2,'','2015-12-16 17:19:17','987837908','1=dilootuoficial_P98Ziwt.psd','',1,NULL,NULL,NULL,NULL,NULL,'',NULL,NULL,NULL,'Mi_segunda_carga_',3,0),(00000002211,2,'','2015-12-16 17:19:17','987837909','1=dilootuoficial_P98Ziwt.psd','',1,NULL,NULL,NULL,NULL,NULL,'',NULL,NULL,NULL,'Mi_segunda_carga_',3,0),(00000002212,2,'','2015-12-16 17:19:17','987837910','1=dilootuoficial_P98Ziwt.psd','',1,NULL,NULL,NULL,NULL,NULL,'',NULL,NULL,NULL,'Mi_segunda_carga_',3,0),(00000002213,2,'','2015-12-16 17:19:17','987837911','1=dilootuoficial_P98Ziwt.psd','',1,NULL,NULL,NULL,NULL,NULL,'',NULL,NULL,NULL,'Mi_segunda_carga_',3,0),(00000002214,2,'','2015-12-16 17:19:17','987837912','1=dilootuoficial_P98Ziwt.psd','',1,NULL,NULL,NULL,NULL,NULL,'',NULL,NULL,NULL,'Mi_segunda_carga_',3,0),(00000002215,2,'','2015-12-16 17:19:17','987837913','1=dilootuoficial_P98Ziwt.psd','',1,NULL,NULL,NULL,NULL,NULL,'',NULL,NULL,NULL,'Mi_segunda_carga_',3,0),(00000002216,2,'','2015-12-16 17:19:18','987837914','1=dilootuoficial_P98Ziwt.psd','',1,NULL,NULL,NULL,NULL,NULL,'',NULL,NULL,NULL,'Mi_segunda_carga_',3,0),(00000002217,2,'','2015-12-16 17:19:18','987837915','1=dilootuoficial_P98Ziwt.psd','',1,NULL,NULL,NULL,NULL,NULL,'',NULL,NULL,NULL,'Mi_segunda_carga_',3,0),(00000002218,2,'','2015-12-16 17:19:18','987837916','1=dilootuoficial_P98Ziwt.psd','',1,NULL,NULL,NULL,NULL,NULL,'',NULL,NULL,NULL,'Mi_segunda_carga_',3,0),(00000002219,2,'','2015-12-16 17:19:18','987837917','1=dilootuoficial_P98Ziwt.psd','',1,NULL,NULL,NULL,NULL,NULL,'',NULL,NULL,NULL,'Mi_segunda_carga_',3,0),(00000002220,2,'','2015-12-16 17:28:50','987837900','1=BBVA_2_xfMNnIV.mp3','',1,NULL,NULL,NULL,NULL,NULL,'',NULL,NULL,NULL,'Mi_primera_carga',3,0),(00000002221,2,'','2015-12-16 17:28:50','987837900','1=BBVA_2_xfMNnIV.mp3','',1,NULL,NULL,NULL,NULL,NULL,'',NULL,NULL,NULL,'Mi_primera_carga',3,0),(00000002222,2,'','2015-12-16 17:28:50','987837901','1=BBVA_2_xfMNnIV.mp3','',1,NULL,NULL,NULL,NULL,NULL,'',NULL,NULL,NULL,'Mi_primera_carga',3,0),(00000002223,2,'','2015-12-16 17:28:50','987837902','1=BBVA_2_xfMNnIV.mp3','',1,NULL,NULL,NULL,NULL,NULL,'',NULL,NULL,NULL,'Mi_primera_carga',3,0),(00000002224,2,'','2015-12-16 17:28:50','987837903','1=BBVA_2_xfMNnIV.mp3','',1,NULL,NULL,NULL,NULL,NULL,'',NULL,NULL,NULL,'Mi_primera_carga',3,0),(00000002225,2,'','2015-12-16 17:28:50','987837904','1=BBVA_2_xfMNnIV.mp3','',1,NULL,NULL,NULL,NULL,NULL,'',NULL,NULL,NULL,'Mi_primera_carga',3,0),(00000002226,2,'','2015-12-16 17:28:50','987837905','1=BBVA_2_xfMNnIV.mp3','',1,NULL,NULL,NULL,NULL,NULL,'',NULL,NULL,NULL,'Mi_primera_carga',3,0),(00000002227,2,'','2015-12-16 17:28:51','987837906','1=BBVA_2_xfMNnIV.mp3','',1,NULL,NULL,NULL,NULL,NULL,'',NULL,NULL,NULL,'Mi_primera_carga',3,0),(00000002228,2,'','2015-12-16 17:28:51','987837907','1=BBVA_2_xfMNnIV.mp3','',1,NULL,NULL,NULL,NULL,NULL,'',NULL,NULL,NULL,'Mi_primera_carga',3,0),(00000002229,2,'','2015-12-16 17:28:51','987837908','1=BBVA_2_xfMNnIV.mp3','',1,NULL,NULL,NULL,NULL,NULL,'',NULL,NULL,NULL,'Mi_primera_carga',3,0),(00000002230,2,'','2015-12-16 17:28:51','987837909','1=BBVA_2_xfMNnIV.mp3','',1,NULL,NULL,NULL,NULL,NULL,'',NULL,NULL,NULL,'Mi_primera_carga',3,0),(00000002231,2,'','2015-12-16 17:28:51','987837910','1=BBVA_2_xfMNnIV.mp3','',1,NULL,NULL,NULL,NULL,NULL,'',NULL,NULL,NULL,'Mi_primera_carga',3,0),(00000002232,2,'','2015-12-16 17:28:51','987837911','1=BBVA_2_xfMNnIV.mp3','',1,NULL,NULL,NULL,NULL,NULL,'',NULL,NULL,NULL,'Mi_primera_carga',3,0),(00000002233,2,'','2015-12-16 17:28:51','987837912','1=BBVA_2_xfMNnIV.mp3','',1,NULL,NULL,NULL,NULL,NULL,'',NULL,NULL,NULL,'Mi_primera_carga',3,0),(00000002234,2,'','2015-12-16 17:28:51','987837913','1=BBVA_2_xfMNnIV.mp3','',1,NULL,NULL,NULL,NULL,NULL,'',NULL,NULL,NULL,'Mi_primera_carga',3,0),(00000002235,2,'','2015-12-16 17:28:51','987837914','1=BBVA_2_xfMNnIV.mp3','',1,NULL,NULL,NULL,NULL,NULL,'',NULL,NULL,NULL,'Mi_primera_carga',3,0),(00000002236,2,'','2015-12-16 17:28:51','987837915','1=BBVA_2_xfMNnIV.mp3','',1,NULL,NULL,NULL,NULL,NULL,'',NULL,NULL,NULL,'Mi_primera_carga',3,0),(00000002237,2,'','2015-12-16 17:28:51','987837916','1=BBVA_2_xfMNnIV.mp3','',1,NULL,NULL,NULL,NULL,NULL,'',NULL,NULL,NULL,'Mi_primera_carga',3,0),(00000002238,2,'','2015-12-16 17:28:51','987837917','1=BBVA_2_xfMNnIV.mp3','',1,NULL,NULL,NULL,NULL,NULL,'',NULL,NULL,NULL,'Mi_primera_carga',3,0),(00000002239,2,'','2015-12-16 17:45:41','987837900','1=BBVA_2_01lSea6.mp3','',1,NULL,NULL,NULL,NULL,NULL,'',NULL,NULL,NULL,'Mi_primera_carga_',3,0),(00000002240,2,'','2015-12-16 17:45:41','987837900','1=BBVA_2_01lSea6.mp3','',1,NULL,NULL,NULL,NULL,NULL,'',NULL,NULL,NULL,'Mi_primera_carga_',3,0),(00000002241,2,'','2015-12-16 17:45:41','987837901','1=BBVA_2_01lSea6.mp3','',1,NULL,NULL,NULL,NULL,NULL,'',NULL,NULL,NULL,'Mi_primera_carga_',3,0),(00000002242,2,'','2015-12-16 17:45:41','987837902','1=BBVA_2_01lSea6.mp3','',1,NULL,NULL,NULL,NULL,NULL,'',NULL,NULL,NULL,'Mi_primera_carga_',3,0),(00000002243,2,'','2015-12-16 17:45:41','987837903','1=BBVA_2_01lSea6.mp3','',1,NULL,NULL,NULL,NULL,NULL,'',NULL,NULL,NULL,'Mi_primera_carga_',3,0),(00000002244,2,'','2015-12-16 17:45:41','987837904','1=BBVA_2_01lSea6.mp3','',1,NULL,NULL,NULL,NULL,NULL,'',NULL,NULL,NULL,'Mi_primera_carga_',3,0),(00000002245,2,'','2015-12-16 17:45:41','987837905','1=BBVA_2_01lSea6.mp3','',1,NULL,NULL,NULL,NULL,NULL,'',NULL,NULL,NULL,'Mi_primera_carga_',3,0),(00000002246,2,'','2015-12-16 17:45:41','987837906','1=BBVA_2_01lSea6.mp3','',1,NULL,NULL,NULL,NULL,NULL,'',NULL,NULL,NULL,'Mi_primera_carga_',3,0),(00000002247,2,'','2015-12-16 17:45:41','987837907','1=BBVA_2_01lSea6.mp3','',1,NULL,NULL,NULL,NULL,NULL,'',NULL,NULL,NULL,'Mi_primera_carga_',3,0),(00000002248,2,'','2015-12-16 17:45:41','987837908','1=BBVA_2_01lSea6.mp3','',1,NULL,NULL,NULL,NULL,NULL,'',NULL,NULL,NULL,'Mi_primera_carga_',3,0),(00000002249,2,'','2015-12-16 17:45:41','987837909','1=BBVA_2_01lSea6.mp3','',1,NULL,NULL,NULL,NULL,NULL,'',NULL,NULL,NULL,'Mi_primera_carga_',3,0),(00000002250,2,'','2015-12-16 17:45:41','987837910','1=BBVA_2_01lSea6.mp3','',1,NULL,NULL,NULL,NULL,NULL,'',NULL,NULL,NULL,'Mi_primera_carga_',3,0),(00000002251,2,'','2015-12-16 17:45:41','987837911','1=BBVA_2_01lSea6.mp3','',1,NULL,NULL,NULL,NULL,NULL,'',NULL,NULL,NULL,'Mi_primera_carga_',3,0),(00000002252,2,'','2015-12-16 17:45:41','987837912','1=BBVA_2_01lSea6.mp3','',1,NULL,NULL,NULL,NULL,NULL,'',NULL,NULL,NULL,'Mi_primera_carga_',3,0),(00000002253,2,'','2015-12-16 17:45:42','987837913','1=BBVA_2_01lSea6.mp3','',1,NULL,NULL,NULL,NULL,NULL,'',NULL,NULL,NULL,'Mi_primera_carga_',3,0),(00000002254,2,'','2015-12-16 17:45:42','987837914','1=BBVA_2_01lSea6.mp3','',1,NULL,NULL,NULL,NULL,NULL,'',NULL,NULL,NULL,'Mi_primera_carga_',3,0),(00000002255,2,'','2015-12-16 17:45:42','987837915','1=BBVA_2_01lSea6.mp3','',1,NULL,NULL,NULL,NULL,NULL,'',NULL,NULL,NULL,'Mi_primera_carga_',3,0),(00000002256,2,'','2015-12-16 17:45:42','987837916','1=BBVA_2_01lSea6.mp3','',1,NULL,NULL,NULL,NULL,NULL,'',NULL,NULL,NULL,'Mi_primera_carga_',3,0),(00000002257,2,'','2015-12-16 17:45:42','987837917','1=BBVA_2_01lSea6.mp3','',1,NULL,NULL,NULL,NULL,NULL,'',NULL,NULL,NULL,'Mi_primera_carga_',3,0),(00000002258,2,'','2015-12-16 18:00:45','987837900','1=BBVA_2_5518MYL.mp3','',1,NULL,NULL,NULL,NULL,NULL,'',NULL,NULL,NULL,'Navidad',3,0),(00000002259,2,'','2015-12-16 18:00:45','987837900','1=BBVA_2_5518MYL.mp3','',1,NULL,NULL,NULL,NULL,NULL,'',NULL,NULL,NULL,'Navidad',3,0),(00000002260,2,'','2015-12-16 18:00:45','987837901','1=BBVA_2_5518MYL.mp3','',1,NULL,NULL,NULL,NULL,NULL,'',NULL,NULL,NULL,'Navidad',3,0),(00000002261,2,'','2015-12-16 18:00:45','987837902','1=BBVA_2_5518MYL.mp3','',1,NULL,NULL,NULL,NULL,NULL,'',NULL,NULL,NULL,'Navidad',3,0),(00000002262,2,'','2015-12-16 18:00:45','987837903','1=BBVA_2_5518MYL.mp3','',1,NULL,NULL,NULL,NULL,NULL,'',NULL,NULL,NULL,'Navidad',3,0),(00000002263,2,'','2015-12-16 18:00:45','987837904','1=BBVA_2_5518MYL.mp3','',1,NULL,NULL,NULL,NULL,NULL,'',NULL,NULL,NULL,'Navidad',3,0),(00000002264,2,'','2015-12-16 18:00:45','987837905','1=BBVA_2_5518MYL.mp3','',1,NULL,NULL,NULL,NULL,NULL,'',NULL,NULL,NULL,'Navidad',3,0),(00000002265,2,'','2015-12-16 18:00:45','987837906','1=BBVA_2_5518MYL.mp3','',1,NULL,NULL,NULL,NULL,NULL,'',NULL,NULL,NULL,'Navidad',3,0),(00000002266,2,'','2015-12-16 18:00:45','987837907','1=BBVA_2_5518MYL.mp3','',1,NULL,NULL,NULL,NULL,NULL,'',NULL,NULL,NULL,'Navidad',3,0),(00000002267,2,'','2015-12-16 18:00:45','987837908','1=BBVA_2_5518MYL.mp3','',1,NULL,NULL,NULL,NULL,NULL,'',NULL,NULL,NULL,'Navidad',3,0),(00000002268,2,'','2015-12-16 18:00:45','987837909','1=BBVA_2_5518MYL.mp3','',1,NULL,NULL,NULL,NULL,NULL,'',NULL,NULL,NULL,'Navidad',3,0),(00000002269,2,'','2015-12-16 18:00:45','987837910','1=BBVA_2_5518MYL.mp3','',1,NULL,NULL,NULL,NULL,NULL,'',NULL,NULL,NULL,'Navidad',3,0),(00000002270,2,'','2015-12-16 18:00:45','987837911','1=BBVA_2_5518MYL.mp3','',1,NULL,NULL,NULL,NULL,NULL,'',NULL,NULL,NULL,'Navidad',3,0),(00000002271,2,'','2015-12-16 18:00:45','987837912','1=BBVA_2_5518MYL.mp3','',1,NULL,NULL,NULL,NULL,NULL,'',NULL,NULL,NULL,'Navidad',3,0),(00000002272,2,'','2015-12-16 18:00:45','987837913','1=BBVA_2_5518MYL.mp3','',1,NULL,NULL,NULL,NULL,NULL,'',NULL,NULL,NULL,'Navidad',3,0),(00000002273,2,'','2015-12-16 18:00:45','987837914','1=BBVA_2_5518MYL.mp3','',1,NULL,NULL,NULL,NULL,NULL,'',NULL,NULL,NULL,'Navidad',3,0),(00000002274,2,'','2015-12-16 18:00:45','987837915','1=BBVA_2_5518MYL.mp3','',1,NULL,NULL,NULL,NULL,NULL,'',NULL,NULL,NULL,'Navidad',3,0),(00000002275,2,'','2015-12-16 18:00:46','987837916','1=BBVA_2_5518MYL.mp3','',1,NULL,NULL,NULL,NULL,NULL,'',NULL,NULL,NULL,'Navidad',3,0),(00000002276,2,'','2015-12-16 18:00:46','987837917','1=BBVA_2_5518MYL.mp3','',1,NULL,NULL,NULL,NULL,NULL,'',NULL,NULL,NULL,'Navidad',3,0),(00000002277,2,'','2015-12-16 18:44:12','u\'INFORME 09/2015\'','1=Who_knew_rRXAL5Q.mp3','',1,NULL,NULL,NULL,NULL,NULL,'',NULL,NULL,NULL,'jhg',3,0),(00000002278,2,'','2015-12-16 18:44:12','\'\'','1=Who_knew_rRXAL5Q.mp3','',1,NULL,NULL,NULL,NULL,NULL,'',NULL,NULL,NULL,'jhg',3,0),(00000002279,2,'','2015-12-16 18:44:12','\'\'','1=Who_knew_rRXAL5Q.mp3','',1,NULL,NULL,NULL,NULL,NULL,'',NULL,NULL,NULL,'jhg',3,0),(00000002280,2,'','2015-12-16 18:44:12','\'\'','1=Who_knew_rRXAL5Q.mp3','',1,NULL,NULL,NULL,NULL,NULL,'',NULL,NULL,NULL,'jhg',3,0),(00000002281,2,'','2015-12-16 18:44:12','\'\'','1=Who_knew_rRXAL5Q.mp3','',1,NULL,NULL,NULL,NULL,NULL,'',NULL,NULL,NULL,'jhg',3,0),(00000002282,2,'','2015-12-16 18:44:12','\'\'','1=Who_knew_rRXAL5Q.mp3','',1,NULL,NULL,NULL,NULL,NULL,'',NULL,NULL,NULL,'jhg',3,0),(00000002283,2,'','2015-12-16 18:44:12','\'\'','1=Who_knew_rRXAL5Q.mp3','',1,NULL,NULL,NULL,NULL,NULL,'',NULL,NULL,NULL,'jhg',3,0),(00000002284,2,'','2015-12-16 18:44:12','\'\'','1=Who_knew_rRXAL5Q.mp3','',1,NULL,NULL,NULL,NULL,NULL,'',NULL,NULL,NULL,'jhg',3,0),(00000002285,2,'','2015-12-16 18:44:12','\'\'','1=Who_knew_rRXAL5Q.mp3','',1,NULL,NULL,NULL,NULL,NULL,'',NULL,NULL,NULL,'jhg',3,0),(00000002286,2,'','2015-12-16 18:44:12','\'\'','1=Who_knew_rRXAL5Q.mp3','',1,NULL,NULL,NULL,NULL,NULL,'',NULL,NULL,NULL,'jhg',3,0),(00000002287,2,'','2015-12-16 18:44:12','\'\'','1=Who_knew_rRXAL5Q.mp3','',1,NULL,NULL,NULL,NULL,NULL,'',NULL,NULL,NULL,'jhg',3,0),(00000002288,2,'','2015-12-16 18:44:12','\'\'','1=Who_knew_rRXAL5Q.mp3','',1,NULL,NULL,NULL,NULL,NULL,'',NULL,NULL,NULL,'jhg',3,0),(00000002289,2,'','2015-12-16 18:44:12','\'\'','1=Who_knew_rRXAL5Q.mp3','',1,NULL,NULL,NULL,NULL,NULL,'',NULL,NULL,NULL,'jhg',3,0),(00000002290,2,'','2015-12-16 18:44:12','\'\'','1=Who_knew_rRXAL5Q.mp3','',1,NULL,NULL,NULL,NULL,NULL,'',NULL,NULL,NULL,'jhg',3,0),(00000002291,2,'','2015-12-16 18:44:12','\'\'','1=Who_knew_rRXAL5Q.mp3','',1,NULL,NULL,NULL,NULL,NULL,'',NULL,NULL,NULL,'jhg',3,0),(00000002292,2,'','2015-12-16 18:44:12','\'\'','1=Who_knew_rRXAL5Q.mp3','',1,NULL,NULL,NULL,NULL,NULL,'',NULL,NULL,NULL,'jhg',3,0),(00000002293,2,'','2015-12-16 18:44:12','\'\'','1=Who_knew_rRXAL5Q.mp3','',1,NULL,NULL,NULL,NULL,NULL,'',NULL,NULL,NULL,'jhg',3,0),(00000002294,2,'','2015-12-16 18:44:12','\'\'','1=Who_knew_rRXAL5Q.mp3','',1,NULL,NULL,NULL,NULL,NULL,'',NULL,NULL,NULL,'jhg',3,0),(00000002295,2,'','2015-12-16 18:44:12','u\'AREA','1=Who_knew_rRXAL5Q.mp3','',1,NULL,NULL,NULL,NULL,NULL,'',NULL,NULL,NULL,'jhg',3,0),(00000002296,2,'','2015-12-16 18:44:12','\'\'','1=Who_knew_rRXAL5Q.mp3','',1,NULL,NULL,NULL,NULL,NULL,'',NULL,NULL,NULL,'jhg',3,0),(00000002297,2,'','2015-12-16 18:44:12','\'\'','1=Who_knew_rRXAL5Q.mp3','',1,NULL,NULL,NULL,NULL,NULL,'',NULL,NULL,NULL,'jhg',3,0),(00000002298,2,'','2015-12-16 18:44:12','\'\'','1=Who_knew_rRXAL5Q.mp3','',1,NULL,NULL,NULL,NULL,NULL,'',NULL,NULL,NULL,'jhg',3,0),(00000002299,2,'','2015-12-16 18:44:12','\'\'','1=Who_knew_rRXAL5Q.mp3','',1,NULL,NULL,NULL,NULL,NULL,'',NULL,NULL,NULL,'jhg',3,0),(00000002300,2,'','2015-12-16 18:44:12','\'\'','1=Who_knew_rRXAL5Q.mp3','',1,NULL,NULL,NULL,NULL,NULL,'',NULL,NULL,NULL,'jhg',3,0),(00000002301,2,'','2015-12-16 18:44:12','\'\'','1=Who_knew_rRXAL5Q.mp3','',1,NULL,NULL,NULL,NULL,NULL,'',NULL,NULL,NULL,'jhg',3,0),(00000002302,2,'','2015-12-16 18:44:12','\'\'','1=Who_knew_rRXAL5Q.mp3','',1,NULL,NULL,NULL,NULL,NULL,'',NULL,NULL,NULL,'jhg',3,0),(00000002303,2,'','2015-12-16 18:44:12','\'\'','1=Who_knew_rRXAL5Q.mp3','',1,NULL,NULL,NULL,NULL,NULL,'',NULL,NULL,NULL,'jhg',3,0),(00000002304,2,'','2015-12-16 18:44:12','\'\'','1=Who_knew_rRXAL5Q.mp3','',1,NULL,NULL,NULL,NULL,NULL,'',NULL,NULL,NULL,'jhg',3,0),(00000002305,2,'','2015-12-16 18:44:12','\'\'','1=Who_knew_rRXAL5Q.mp3','',1,NULL,NULL,NULL,NULL,NULL,'',NULL,NULL,NULL,'jhg',3,0),(00000002306,2,'','2015-12-16 18:44:12','\'\'','1=Who_knew_rRXAL5Q.mp3','',1,NULL,NULL,NULL,NULL,NULL,'',NULL,NULL,NULL,'jhg',3,0),(00000002307,2,'','2015-12-16 18:44:12','\'\'','1=Who_knew_rRXAL5Q.mp3','',1,NULL,NULL,NULL,NULL,NULL,'',NULL,NULL,NULL,'jhg',3,0),(00000002308,2,'','2015-12-16 18:44:12','\'\'','1=Who_knew_rRXAL5Q.mp3','',1,NULL,NULL,NULL,NULL,NULL,'',NULL,NULL,NULL,'jhg',3,0),(00000002309,2,'','2015-12-16 18:44:12','\'\'','1=Who_knew_rRXAL5Q.mp3','',1,NULL,NULL,NULL,NULL,NULL,'',NULL,NULL,NULL,'jhg',3,0),(00000002310,2,'','2015-12-16 18:44:12','\'\'','1=Who_knew_rRXAL5Q.mp3','',1,NULL,NULL,NULL,NULL,NULL,'',NULL,NULL,NULL,'jhg',3,0),(00000002311,2,'','2015-12-16 18:44:12','\'\'','1=Who_knew_rRXAL5Q.mp3','',1,NULL,NULL,NULL,NULL,NULL,'',NULL,NULL,NULL,'jhg',3,0),(00000002312,2,'','2015-12-16 18:44:12','\'\'','1=Who_knew_rRXAL5Q.mp3','',1,NULL,NULL,NULL,NULL,NULL,'',NULL,NULL,NULL,'jhg',3,0),(00000002313,2,'','2015-12-16 18:44:12','u\'FECHA\'','1=Who_knew_rRXAL5Q.mp3','',1,NULL,NULL,NULL,NULL,NULL,'',NULL,NULL,NULL,'jhg',3,0),(00000002314,2,'','2015-12-16 18:44:12','\'\'','1=Who_knew_rRXAL5Q.mp3','',1,NULL,NULL,NULL,NULL,NULL,'',NULL,NULL,NULL,'jhg',3,0),(00000002315,2,'','2015-12-16 18:44:12','u\'DESCRIPCION\'','1=Who_knew_rRXAL5Q.mp3','',1,NULL,NULL,NULL,NULL,NULL,'',NULL,NULL,NULL,'jhg',3,0),(00000002316,2,'','2015-12-17 11:40:24','987837900','1=audio','',1,NULL,NULL,NULL,NULL,NULL,'',NULL,NULL,NULL,'Navidad_No',3,0),(00000002317,2,'','2015-12-17 11:40:24','987837900','1=audio','',1,NULL,NULL,NULL,NULL,NULL,'',NULL,NULL,NULL,'Navidad_No',3,0),(00000002318,2,'','2015-12-17 11:40:24','987837901','1=audio','',1,NULL,NULL,NULL,NULL,NULL,'',NULL,NULL,NULL,'Navidad_No',3,0),(00000002319,2,'','2015-12-17 11:40:24','987837902','1=audio','',1,NULL,NULL,NULL,NULL,NULL,'',NULL,NULL,NULL,'Navidad_No',3,0),(00000002320,2,'','2015-12-17 11:40:24','987837903','1=audio','',1,NULL,NULL,NULL,NULL,NULL,'',NULL,NULL,NULL,'Navidad_No',3,0),(00000002321,2,'','2015-12-17 11:40:24','987837904','1=audio','',1,NULL,NULL,NULL,NULL,NULL,'',NULL,NULL,NULL,'Navidad_No',3,0),(00000002322,2,'','2015-12-17 11:40:24','987837905','1=audio','',1,NULL,NULL,NULL,NULL,NULL,'',NULL,NULL,NULL,'Navidad_No',3,0),(00000002323,2,'','2015-12-17 11:40:24','987837906','1=audio','',1,NULL,NULL,NULL,NULL,NULL,'',NULL,NULL,NULL,'Navidad_No',3,0),(00000002324,2,'','2015-12-17 11:40:24','987837907','1=audio','',1,NULL,NULL,NULL,NULL,NULL,'',NULL,NULL,NULL,'Navidad_No',3,0),(00000002325,2,'','2015-12-17 11:40:24','987837908','1=audio','',1,NULL,NULL,NULL,NULL,NULL,'',NULL,NULL,NULL,'Navidad_No',3,0),(00000002326,2,'','2015-12-17 11:40:24','987837909','1=audio','',1,NULL,NULL,NULL,NULL,NULL,'',NULL,NULL,NULL,'Navidad_No',3,0),(00000002327,2,'','2015-12-17 11:40:24','987837910','1=audio','',1,NULL,NULL,NULL,NULL,NULL,'',NULL,NULL,NULL,'Navidad_No',3,0),(00000002328,2,'','2015-12-17 11:40:24','987837911','1=audio','',1,NULL,NULL,NULL,NULL,NULL,'',NULL,NULL,NULL,'Navidad_No',3,0),(00000002329,2,'','2015-12-17 11:40:24','987837912','1=audio','',1,NULL,NULL,NULL,NULL,NULL,'',NULL,NULL,NULL,'Navidad_No',3,0),(00000002330,2,'','2015-12-17 11:40:24','987837913','1=audio','',1,NULL,NULL,NULL,NULL,NULL,'',NULL,NULL,NULL,'Navidad_No',3,0),(00000002331,2,'','2015-12-17 11:40:24','987837914','1=audio','',0,NULL,NULL,NULL,NULL,NULL,'',NULL,NULL,NULL,'Navidad_No',3,0),(00000002332,2,'','2015-12-17 11:40:24','987837915','1=audio','',1,NULL,NULL,NULL,NULL,1,'',NULL,NULL,NULL,'Navidad_No',3,0),(00000002333,2,'','2015-12-17 11:40:24','987837916','1=audio','',1,NULL,NULL,NULL,NULL,1,'',NULL,NULL,NULL,'Navidad_No',3,0),(00000002335,2,'','2015-12-17 17:47:03','980729169','1=audio_smdhT6j','',1,NULL,NULL,NULL,NULL,0,'',NULL,NULL,NULL,'Papanoel',NULL,0),(00000002336,2,'','2015-12-17 17:54:51','980729169','1=audio_gLpV3lK','',1,NULL,NULL,NULL,NULL,1,'',NULL,NULL,NULL,'Nope',3,0),(00000002337,2,'','2015-12-17 18:01:55','980729169','1=audio_8Mcjlud','',1,NULL,NULL,NULL,NULL,1,'',NULL,NULL,NULL,'Ya_pe',3,0),(00000002338,2,'','2015-12-17 18:19:15','980729169','1=audio_QkTymE6','',1,NULL,NULL,NULL,NULL,1,'',NULL,NULL,NULL,'Navidadnoo',3,0),(00000002339,2,'','2015-12-18 22:10:52','[','','',3,NULL,NULL,NULL,NULL,NULL,'',NULL,NULL,NULL,'',NULL,0),(00000002340,2,'','2015-12-18 22:10:52','\'','','',3,NULL,NULL,NULL,NULL,NULL,'',NULL,NULL,NULL,'',NULL,0),(00000002341,2,'','2015-12-18 22:10:52','9','','',3,NULL,NULL,NULL,NULL,NULL,'',NULL,NULL,NULL,'',NULL,0),(00000002342,2,'','2015-12-18 22:10:52','8','','',3,NULL,NULL,NULL,NULL,NULL,'',NULL,NULL,NULL,'',NULL,0),(00000002343,2,'','2015-12-18 22:10:52','0','','',3,NULL,NULL,NULL,NULL,NULL,'',NULL,NULL,NULL,'',NULL,0),(00000002344,2,'','2015-12-18 22:10:52','7','','',3,NULL,NULL,NULL,NULL,NULL,'',NULL,NULL,NULL,'',NULL,0),(00000002345,2,'','2015-12-18 22:10:52','2','','',3,NULL,NULL,NULL,NULL,NULL,'',NULL,NULL,NULL,'',NULL,0),(00000002346,2,'','2015-12-18 22:10:52','9','','',3,NULL,NULL,NULL,NULL,NULL,'',NULL,NULL,NULL,'',NULL,0),(00000002347,2,'','2015-12-18 22:10:52','1','','',3,NULL,NULL,NULL,NULL,NULL,'',NULL,NULL,NULL,'',NULL,0),(00000002348,2,'','2015-12-18 22:10:52','6','','',3,NULL,NULL,NULL,NULL,NULL,'',NULL,NULL,NULL,'',NULL,0),(00000002349,2,'','2015-12-18 22:10:52','9','','',3,NULL,NULL,NULL,NULL,NULL,'',NULL,NULL,NULL,'',NULL,0),(00000002350,2,'','2015-12-18 22:10:52','\'','','',3,NULL,NULL,NULL,NULL,NULL,'',NULL,NULL,NULL,'',NULL,0),(00000002351,2,'','2015-12-18 22:10:52',',','','',3,NULL,NULL,NULL,NULL,NULL,'',NULL,NULL,NULL,'',NULL,0),(00000002352,2,'','2015-12-18 22:10:52','\'','','',3,NULL,NULL,NULL,NULL,NULL,'',NULL,NULL,NULL,'',NULL,0),(00000002353,2,'','2015-12-18 22:10:52','9','','',3,NULL,NULL,NULL,NULL,NULL,'',NULL,NULL,NULL,'',NULL,0),(00000002354,2,'','2015-12-18 22:10:52','8','','',3,NULL,NULL,NULL,NULL,NULL,'',NULL,NULL,NULL,'',NULL,0),(00000002355,2,'','2015-12-18 22:10:52','9','','',3,NULL,NULL,NULL,NULL,NULL,'',NULL,NULL,NULL,'',NULL,0),(00000002356,2,'','2015-12-18 22:10:52','8','','',3,NULL,NULL,NULL,NULL,NULL,'',NULL,NULL,NULL,'',NULL,0),(00000002357,2,'','2015-12-18 22:10:53','7','','',3,NULL,NULL,NULL,NULL,NULL,'',NULL,NULL,NULL,'',NULL,0),(00000002358,2,'','2015-12-18 22:10:53','3','','',3,NULL,NULL,NULL,NULL,NULL,'',NULL,NULL,NULL,'',NULL,0),(00000002359,2,'','2015-12-18 22:10:53','4','','',3,NULL,NULL,NULL,NULL,NULL,'',NULL,NULL,NULL,'',NULL,0),(00000002360,2,'','2015-12-18 22:10:53','5','','',3,NULL,NULL,NULL,NULL,NULL,'',NULL,NULL,NULL,'',NULL,0),(00000002361,2,'','2015-12-18 22:10:53','\'','','',3,NULL,NULL,NULL,NULL,NULL,'',NULL,NULL,NULL,'',NULL,0),(00000002362,2,'','2015-12-18 22:10:53',']','','',3,NULL,NULL,NULL,NULL,NULL,'',NULL,NULL,NULL,'',NULL,0),(00000002363,2,'','2015-12-18 22:12:40','[','','',3,NULL,NULL,NULL,NULL,NULL,'',NULL,NULL,NULL,'',NULL,0),(00000002364,2,'','2015-12-18 22:12:40','\'','','',3,NULL,NULL,NULL,NULL,NULL,'',NULL,NULL,NULL,'',NULL,0),(00000002365,2,'','2015-12-18 22:12:40','9','','',3,NULL,NULL,NULL,NULL,NULL,'',NULL,NULL,NULL,'',NULL,0),(00000002366,2,'','2015-12-18 22:12:40','8','','',3,NULL,NULL,NULL,NULL,NULL,'',NULL,NULL,NULL,'',NULL,0),(00000002367,2,'','2015-12-18 22:12:40','0','','',3,NULL,NULL,NULL,NULL,NULL,'',NULL,NULL,NULL,'',NULL,0),(00000002368,2,'','2015-12-18 22:12:40','7','','',3,NULL,NULL,NULL,NULL,NULL,'',NULL,NULL,NULL,'',NULL,0),(00000002369,2,'','2015-12-18 22:12:40','2','','',3,NULL,NULL,NULL,NULL,NULL,'',NULL,NULL,NULL,'',NULL,0),(00000002370,2,'','2015-12-18 22:12:40','9','','',3,NULL,NULL,NULL,NULL,NULL,'',NULL,NULL,NULL,'',NULL,0),(00000002371,2,'','2015-12-18 22:12:40','1','','',3,NULL,NULL,NULL,NULL,NULL,'',NULL,NULL,NULL,'',NULL,0),(00000002372,2,'','2015-12-18 22:12:40','6','','',3,NULL,NULL,NULL,NULL,NULL,'',NULL,NULL,NULL,'',NULL,0),(00000002373,2,'','2015-12-18 22:12:40','9','','',3,NULL,NULL,NULL,NULL,NULL,'',NULL,NULL,NULL,'',NULL,0),(00000002374,2,'','2015-12-18 22:12:40','\'','','',3,NULL,NULL,NULL,NULL,NULL,'',NULL,NULL,NULL,'',NULL,0),(00000002375,2,'','2015-12-18 22:12:40',',','','',3,NULL,NULL,NULL,NULL,NULL,'',NULL,NULL,NULL,'',NULL,0),(00000002376,2,'','2015-12-18 22:12:40','\'','','',3,NULL,NULL,NULL,NULL,NULL,'',NULL,NULL,NULL,'',NULL,0),(00000002377,2,'','2015-12-18 22:12:40','9','','',3,NULL,NULL,NULL,NULL,NULL,'',NULL,NULL,NULL,'',NULL,0),(00000002378,2,'','2015-12-18 22:12:40','8','','',3,NULL,NULL,NULL,NULL,NULL,'',NULL,NULL,NULL,'',NULL,0),(00000002379,2,'','2015-12-18 22:12:41','9','','',3,NULL,NULL,NULL,NULL,NULL,'',NULL,NULL,NULL,'',NULL,0),(00000002380,2,'','2015-12-18 22:12:41','8','','',3,NULL,NULL,NULL,NULL,NULL,'',NULL,NULL,NULL,'',NULL,0),(00000002381,2,'','2015-12-18 22:12:41','7','','',3,NULL,NULL,NULL,NULL,NULL,'',NULL,NULL,NULL,'',NULL,0),(00000002382,2,'','2015-12-18 22:12:41','3','','',3,NULL,NULL,NULL,NULL,NULL,'',NULL,NULL,NULL,'',NULL,0),(00000002383,2,'','2015-12-18 22:12:41','4','','',3,NULL,NULL,NULL,NULL,NULL,'',NULL,NULL,NULL,'',NULL,0),(00000002384,2,'','2015-12-18 22:12:41','5','','',3,NULL,NULL,NULL,NULL,NULL,'',NULL,NULL,NULL,'',NULL,0),(00000002385,2,'','2015-12-18 22:12:41','\'','','',3,NULL,NULL,NULL,NULL,NULL,'',NULL,NULL,NULL,'',NULL,0),(00000002386,2,'','2015-12-18 22:12:41',']','','',3,NULL,NULL,NULL,NULL,NULL,'',NULL,NULL,NULL,'',NULL,0),(00000002387,2,'','2015-12-18 22:12:54','[','','',3,NULL,NULL,NULL,NULL,NULL,'',NULL,NULL,NULL,'',NULL,0),(00000002388,2,'','2015-12-18 22:12:54','\'','','',3,NULL,NULL,NULL,NULL,NULL,'',NULL,NULL,NULL,'',NULL,0),(00000002389,2,'','2015-12-18 22:12:54','9','','',3,NULL,NULL,NULL,NULL,NULL,'',NULL,NULL,NULL,'',NULL,0),(00000002390,2,'','2015-12-18 22:12:54','8','','',3,NULL,NULL,NULL,NULL,NULL,'',NULL,NULL,NULL,'',NULL,0),(00000002391,2,'','2015-12-18 22:12:54','0','','',3,NULL,NULL,NULL,NULL,NULL,'',NULL,NULL,NULL,'',NULL,0),(00000002392,2,'','2015-12-18 22:12:54','7','','',3,NULL,NULL,NULL,NULL,NULL,'',NULL,NULL,NULL,'',NULL,0),(00000002393,2,'','2015-12-18 22:12:54','2','','',3,NULL,NULL,NULL,NULL,NULL,'',NULL,NULL,NULL,'',NULL,0),(00000002394,2,'','2015-12-18 22:12:54','9','','',3,NULL,NULL,NULL,NULL,NULL,'',NULL,NULL,NULL,'',NULL,0),(00000002395,2,'','2015-12-18 22:12:54','1','','',3,NULL,NULL,NULL,NULL,NULL,'',NULL,NULL,NULL,'',NULL,0),(00000002396,2,'','2015-12-18 22:12:54','6','','',3,NULL,NULL,NULL,NULL,NULL,'',NULL,NULL,NULL,'',NULL,0),(00000002397,2,'','2015-12-18 22:12:55','9','','',3,NULL,NULL,NULL,NULL,NULL,'',NULL,NULL,NULL,'',NULL,0),(00000002398,2,'','2015-12-18 22:12:55','\'','','',3,NULL,NULL,NULL,NULL,NULL,'',NULL,NULL,NULL,'',NULL,0),(00000002399,2,'','2015-12-18 22:12:55',',','','',3,NULL,NULL,NULL,NULL,NULL,'',NULL,NULL,NULL,'',NULL,0),(00000002400,2,'','2015-12-18 22:12:55','\'','','',3,NULL,NULL,NULL,NULL,NULL,'',NULL,NULL,NULL,'',NULL,0),(00000002401,2,'','2015-12-18 22:12:55','9','','',3,NULL,NULL,NULL,NULL,NULL,'',NULL,NULL,NULL,'',NULL,0),(00000002402,2,'','2015-12-18 22:12:55','8','','',3,NULL,NULL,NULL,NULL,NULL,'',NULL,NULL,NULL,'',NULL,0),(00000002403,2,'','2015-12-18 22:12:55','9','','',3,NULL,NULL,NULL,NULL,NULL,'',NULL,NULL,NULL,'',NULL,0),(00000002404,2,'','2015-12-18 22:12:55','8','','',3,NULL,NULL,NULL,NULL,NULL,'',NULL,NULL,NULL,'',NULL,0),(00000002405,2,'','2015-12-18 22:12:55','7','','',3,NULL,NULL,NULL,NULL,NULL,'',NULL,NULL,NULL,'',NULL,0),(00000002406,2,'','2015-12-18 22:12:55','3','','',3,NULL,NULL,NULL,NULL,NULL,'',NULL,NULL,NULL,'',NULL,0),(00000002407,2,'','2015-12-18 22:12:55','4','','',3,NULL,NULL,NULL,NULL,NULL,'',NULL,NULL,NULL,'',NULL,0),(00000002408,2,'','2015-12-18 22:12:55','5','','',3,NULL,NULL,NULL,NULL,NULL,'',NULL,NULL,NULL,'',NULL,0),(00000002409,2,'','2015-12-18 22:12:55','\'','','',3,NULL,NULL,NULL,NULL,NULL,'',NULL,NULL,NULL,'',NULL,0),(00000002410,2,'','2015-12-18 22:12:55',']','','',3,NULL,NULL,NULL,NULL,NULL,'',NULL,NULL,NULL,'',NULL,0),(00000002411,2,'','2015-12-18 22:15:30','[','','',3,NULL,NULL,NULL,NULL,NULL,'',NULL,NULL,NULL,'',NULL,0),(00000002412,2,'','2015-12-18 22:15:30','\'','','',3,NULL,NULL,NULL,NULL,NULL,'',NULL,NULL,NULL,'',NULL,0),(00000002413,2,'','2015-12-18 22:15:30','9','','',3,NULL,NULL,NULL,NULL,NULL,'',NULL,NULL,NULL,'',NULL,0),(00000002414,2,'','2015-12-18 22:15:30','8','','',3,NULL,NULL,NULL,NULL,NULL,'',NULL,NULL,NULL,'',NULL,0),(00000002415,2,'','2015-12-18 22:15:30','0','','',3,NULL,NULL,NULL,NULL,NULL,'',NULL,NULL,NULL,'',NULL,0),(00000002416,2,'','2015-12-18 22:15:30','7','','',3,NULL,NULL,NULL,NULL,NULL,'',NULL,NULL,NULL,'',NULL,0),(00000002417,2,'','2015-12-18 22:15:30','2','','',3,NULL,NULL,NULL,NULL,NULL,'',NULL,NULL,NULL,'',NULL,0),(00000002418,2,'','2015-12-18 22:15:30','9','','',3,NULL,NULL,NULL,NULL,NULL,'',NULL,NULL,NULL,'',NULL,0),(00000002419,2,'','2015-12-18 22:15:30','1','','',3,NULL,NULL,NULL,NULL,NULL,'',NULL,NULL,NULL,'',NULL,0),(00000002420,2,'','2015-12-18 22:15:30','6','','',3,NULL,NULL,NULL,NULL,NULL,'',NULL,NULL,NULL,'',NULL,0),(00000002421,2,'','2015-12-18 22:15:30','9','','',3,NULL,NULL,NULL,NULL,NULL,'',NULL,NULL,NULL,'',NULL,0),(00000002422,2,'','2015-12-18 22:15:30','\'','','',3,NULL,NULL,NULL,NULL,NULL,'',NULL,NULL,NULL,'',NULL,0),(00000002423,2,'','2015-12-18 22:15:30',',','','',3,NULL,NULL,NULL,NULL,NULL,'',NULL,NULL,NULL,'',NULL,0),(00000002424,2,'','2015-12-18 22:15:30','\'','','',3,NULL,NULL,NULL,NULL,NULL,'',NULL,NULL,NULL,'',NULL,0),(00000002425,2,'','2015-12-18 22:15:30','9','','',3,NULL,NULL,NULL,NULL,NULL,'',NULL,NULL,NULL,'',NULL,0),(00000002426,2,'','2015-12-18 22:15:30','8','','',3,NULL,NULL,NULL,NULL,NULL,'',NULL,NULL,NULL,'',NULL,0),(00000002427,2,'','2015-12-18 22:15:30','9','','',3,NULL,NULL,NULL,NULL,NULL,'',NULL,NULL,NULL,'',NULL,0),(00000002428,2,'','2015-12-18 22:15:30','8','','',3,NULL,NULL,NULL,NULL,NULL,'',NULL,NULL,NULL,'',NULL,0),(00000002429,2,'','2015-12-18 22:15:30','7','','',3,NULL,NULL,NULL,NULL,NULL,'',NULL,NULL,NULL,'',NULL,0),(00000002430,2,'','2015-12-18 22:15:31','3','','',3,NULL,NULL,NULL,NULL,NULL,'',NULL,NULL,NULL,'',NULL,0),(00000002431,2,'','2015-12-18 22:15:31','4','','',3,NULL,NULL,NULL,NULL,NULL,'',NULL,NULL,NULL,'',NULL,0),(00000002432,2,'','2015-12-18 22:15:31','5','','',3,NULL,NULL,NULL,NULL,NULL,'',NULL,NULL,NULL,'',NULL,0),(00000002433,2,'','2015-12-18 22:15:31','\'','','',3,NULL,NULL,NULL,NULL,NULL,'',NULL,NULL,NULL,'',NULL,0),(00000002434,2,'','2015-12-18 22:15:31',']','','',3,NULL,NULL,NULL,NULL,NULL,'',NULL,NULL,NULL,'',NULL,0),(00000002435,2,'','2015-12-18 22:15:48','[','','',3,NULL,NULL,NULL,NULL,NULL,'',NULL,NULL,NULL,'',NULL,0),(00000002436,2,'','2015-12-18 22:15:48','\'','','',3,NULL,NULL,NULL,NULL,NULL,'',NULL,NULL,NULL,'',NULL,0),(00000002437,2,'','2015-12-18 22:15:48','9','','',3,NULL,NULL,NULL,NULL,NULL,'',NULL,NULL,NULL,'',NULL,0),(00000002438,2,'','2015-12-18 22:15:48','8','','',3,NULL,NULL,NULL,NULL,NULL,'',NULL,NULL,NULL,'',NULL,0),(00000002439,2,'','2015-12-18 22:15:48','0','','',3,NULL,NULL,NULL,NULL,NULL,'',NULL,NULL,NULL,'',NULL,0),(00000002440,2,'','2015-12-18 22:15:48','7','','',3,NULL,NULL,NULL,NULL,NULL,'',NULL,NULL,NULL,'',NULL,0),(00000002441,2,'','2015-12-18 22:15:48','2','','',3,NULL,NULL,NULL,NULL,NULL,'',NULL,NULL,NULL,'',NULL,0),(00000002442,2,'','2015-12-18 22:15:49','9','','',3,NULL,NULL,NULL,NULL,NULL,'',NULL,NULL,NULL,'',NULL,0),(00000002443,2,'','2015-12-18 22:15:49','1','','',3,NULL,NULL,NULL,NULL,NULL,'',NULL,NULL,NULL,'',NULL,0),(00000002444,2,'','2015-12-18 22:15:49','6','','',3,NULL,NULL,NULL,NULL,NULL,'',NULL,NULL,NULL,'',NULL,0),(00000002445,2,'','2015-12-18 22:15:49','9','','',3,NULL,NULL,NULL,NULL,NULL,'',NULL,NULL,NULL,'',NULL,0),(00000002446,2,'','2015-12-18 22:15:49','\'','','',3,NULL,NULL,NULL,NULL,NULL,'',NULL,NULL,NULL,'',NULL,0),(00000002447,2,'','2015-12-18 22:15:49',',','','',3,NULL,NULL,NULL,NULL,NULL,'',NULL,NULL,NULL,'',NULL,0),(00000002448,2,'','2015-12-18 22:15:49','\'','','',3,NULL,NULL,NULL,NULL,NULL,'',NULL,NULL,NULL,'',NULL,0),(00000002449,2,'','2015-12-18 22:15:49','9','','',3,NULL,NULL,NULL,NULL,NULL,'',NULL,NULL,NULL,'',NULL,0),(00000002450,2,'','2015-12-18 22:15:49','8','','',3,NULL,NULL,NULL,NULL,NULL,'',NULL,NULL,NULL,'',NULL,0),(00000002451,2,'','2015-12-18 22:15:49','9','','',3,NULL,NULL,NULL,NULL,NULL,'',NULL,NULL,NULL,'',NULL,0),(00000002452,2,'','2015-12-18 22:15:49','8','','',3,NULL,NULL,NULL,NULL,NULL,'',NULL,NULL,NULL,'',NULL,0),(00000002453,2,'','2015-12-18 22:15:49','7','','',3,NULL,NULL,NULL,NULL,NULL,'',NULL,NULL,NULL,'',NULL,0),(00000002454,2,'','2015-12-18 22:15:49','3','','',3,NULL,NULL,NULL,NULL,NULL,'',NULL,NULL,NULL,'',NULL,0),(00000002455,2,'','2015-12-18 22:15:49','4','','',3,NULL,NULL,NULL,NULL,NULL,'',NULL,NULL,NULL,'',NULL,0),(00000002456,2,'','2015-12-18 22:15:49','5','','',3,NULL,NULL,NULL,NULL,NULL,'',NULL,NULL,NULL,'',NULL,0),(00000002457,2,'','2015-12-18 22:15:49','\'','','',3,NULL,NULL,NULL,NULL,NULL,'',NULL,NULL,NULL,'',NULL,0),(00000002458,2,'','2015-12-18 22:15:49',']','','',3,NULL,NULL,NULL,NULL,NULL,'',NULL,NULL,NULL,'',NULL,0),(00000002459,2,'','2015-12-18 22:48:52','980729169','','',3,NULL,NULL,NULL,NULL,NULL,'',NULL,NULL,NULL,'',NULL,0),(00000002460,2,'','2015-12-18 22:48:52','98987345','','',3,NULL,NULL,NULL,NULL,NULL,'',NULL,NULL,NULL,'',NULL,0),(00000002461,2,'','2015-12-18 22:50:28','980729169','','',3,NULL,NULL,NULL,NULL,NULL,'',NULL,NULL,NULL,'',NULL,0),(00000002462,2,'','2015-12-18 22:50:28','98987345','','',3,NULL,NULL,NULL,NULL,NULL,'',NULL,NULL,NULL,'',NULL,0),(00000002463,2,'','2015-12-18 22:51:07','980729169','','',3,NULL,NULL,NULL,NULL,NULL,'',NULL,NULL,NULL,'',NULL,0),(00000002464,2,'','2015-12-18 22:51:07','98987345','','',3,NULL,NULL,NULL,NULL,NULL,'',NULL,NULL,NULL,'',NULL,0),(00000002465,2,'','2015-12-24 12:46:30','980729169','1=BBVA_2_2Aonclp','',0,NULL,NULL,NULL,NULL,0,'',NULL,NULL,NULL,'Adddd',3,39000),(00000002466,2,'','2015-12-24 12:59:37','980729169','1=bravo1','',0,NULL,NULL,NULL,NULL,0,'',NULL,NULL,NULL,'Prueba',3,13);
/*!40000 ALTER TABLE `d_blaster` ENABLE KEYS */;
UNLOCK TABLES;

--
-- Table structure for table `d_llamadas`
--

DROP TABLE IF EXISTS `d_llamadas`;
/*!40101 SET @saved_cs_client     = @@character_set_client */;
/*!40101 SET character_set_client = utf8 */;
CREATE TABLE `d_llamadas` (
  `id_d_llamadas` int(20) unsigned NOT NULL AUTO_INCREMENT,
  `id_d_blaster` int(11) NOT NULL,
  `cliente` varchar(45) CHARACTER SET utf8 COLLATE utf8_spanish2_ci DEFAULT NULL,
  `UID` varchar(45) CHARACTER SET utf8 COLLATE utf8_spanish2_ci DEFAULT NULL,
  `destino` varchar(20) CHARACTER SET utf8 COLLATE utf8_spanish2_ci DEFAULT NULL,
  `audio` varchar(200) CHARACTER SET utf8 COLLATE utf8_spanish2_ci DEFAULT NULL,
  `derivacion` varchar(200) CHARACTER SET utf8 COLLATE utf8_spanish2_ci DEFAULT NULL,
  `dtmf` int(1) NOT NULL DEFAULT '0',
  `despedida` int(1) NOT NULL DEFAULT '0',
  `llam_flag` int(10) unsigned DEFAULT NULL,
  `llam_uniqueid` varchar(45) DEFAULT NULL,
  `llam_tipo` int(3) DEFAULT '0',
  `llam_canal` varchar(100) CHARACTER SET utf8 COLLATE utf8_spanish2_ci DEFAULT NULL,
  `llam_estado` int(5) DEFAULT NULL,
  `flagFIN` int(2) DEFAULT '0',
  `T_INS` datetime NOT NULL,
  `T_PRO` datetime NOT NULL,
  `T_RES` datetime NOT NULL,
  `T_FIN1` datetime NOT NULL,
  `T_FIN2` datetime NOT NULL,
  `d_timbrado` int(11) NOT NULL,
  `d_ivr` int(11) NOT NULL,
  `d_respuesta` int(11) NOT NULL,
  `d_total` int(11) NOT NULL,
  `Respuesta01` int(5) NOT NULL,
  `Respuesta02` int(5) NOT NULL,
  `CodCorte` int(5) NOT NULL,
  `vuelta` int(1) NOT NULL DEFAULT '0',
  PRIMARY KEY (`id_d_llamadas`),
  KEY `llam_flag` (`llam_flag`),
  KEY `llam_tipo` (`llam_tipo`),
  KEY `cliente` (`cliente`),
  KEY `flagFIN` (`flagFIN`),
  KEY `llam_estado` (`llam_estado`)
) ENGINE=InnoDB AUTO_INCREMENT=28 DEFAULT CHARSET=utf8;
/*!40101 SET character_set_client = @saved_cs_client */;

--
-- Dumping data for table `d_llamadas`
--

LOCK TABLES `d_llamadas` WRITE;
/*!40000 ALTER TABLE `d_llamadas` DISABLE KEYS */;
INSERT INTO `d_llamadas` VALUES (1,132567,'2','61684','987837900','1=no_table.voip_message.9b49e56bb39c63b2.417564696f203136612e6d7033','',0,0,1,'1393249935.3',3,'Local/1BCEL987837900@Tglobal-4752,1',4,1,'2014-02-24 08:49:47','2014-02-24 08:50:11','2014-02-24 08:50:26','2014-02-24 08:50:47','2014-02-24 08:50:49',15,21,2,38,0,0,16,3),(2,132568,'2','61685','947909398','1=no_table.voip_message.aceb0dd734e34434.417564696f203133612e6d7033','',0,0,1,'1393250266.6',3,'Local/1BCEL947909398@Tglobal-0e97,1',4,1,'2014-02-24 08:55:38','2014-02-24 08:55:41','2014-02-24 08:55:59','2014-02-24 08:56:22','2014-02-24 08:56:24',18,23,2,43,0,0,16,1),(3,132569,'2','61686','964205696','1=no_table.voip_message.aceb0dd734e34434.417564696f203133612e6d7033','',0,0,1,'1393250266.12',3,'Local/1BCEL964205696@Tglobal-f334,1',4,1,'2014-02-24 08:55:38','2014-02-24 08:55:41','2014-02-24 08:55:55','2014-02-24 08:56:18','2014-02-24 08:56:20',14,23,2,39,0,0,16,1),(4,132570,'2','61687','989929950','1=no_table.voip_message.aceb0dd734e34434.417564696f203133612e6d7033','',0,0,1,'1393250266.8',3,'Local/1BCEL989929950@Tglobal-51df,1',4,1,'2014-02-24 08:55:38','2014-02-24 08:55:41','2014-02-24 08:55:56','2014-02-24 08:56:19','2014-02-24 08:56:21',15,23,2,40,0,0,16,1),(5,132571,'2','61688','980951773','1=no_table.voip_message.aceb0dd734e34434.417564696f203133612e6d7033','',0,0,1,'1393250266.15',3,'Local/1BCEL980951773@Tglobal-cc7c,1',4,1,'2014-02-24 08:55:38','2014-02-24 08:55:41','2014-02-24 08:55:50','2014-02-24 08:56:13','2014-02-24 08:56:15',9,23,2,34,0,0,16,1),(6,132572,'2','61689','945315673','1=no_table.voip_message.aceb0dd734e34434.417564696f203133612e6d7033','',0,0,1,'1393250266.18',3,'Local/1BCEL945315673@Tglobal-bf64,1',4,1,'2014-02-24 08:55:38','2014-02-24 08:55:41','2014-02-24 08:55:58','2014-02-24 08:56:21','2014-02-24 08:56:23',17,23,2,42,0,0,16,1),(7,132573,'2','61690','993032837','1=no_table.voip_message.aceb0dd734e34434.417564696f203133612e6d7033','',0,0,1,'1393250266.21',3,'Local/1BCEL993032837@Tglobal-4dd2,1',4,1,'2014-02-24 08:55:38','2014-02-24 08:55:41','2014-02-24 08:55:52','2014-02-24 08:56:14','2014-02-24 08:56:17',11,22,3,36,0,0,16,1),(8,132574,'2','61691','974647782','1=no_table.voip_message.aceb0dd734e34434.417564696f203133612e6d7033','',0,0,1,'1393250266.24',3,'Local/1BCEL974647782@Tglobal-46ae,1',4,1,'2014-02-24 08:55:38','2014-02-24 08:55:41','2014-02-24 08:55:54','2014-02-24 08:56:17','2014-02-24 08:56:19',13,23,2,38,0,0,16,1),(9,132575,'2','61692','965704045','1=no_table.voip_message.aceb0dd734e34434.417564696f203133612e6d7033','',0,0,1,'1393250266.30',3,'Local/1BCEL965704045@Tglobal-f37a,1',4,1,'2014-02-24 08:55:38','2014-02-24 08:55:41','2014-02-24 08:55:49','2014-02-24 08:56:12','2014-02-24 08:56:14',8,23,2,33,0,0,16,1),(10,132576,'2','61693','992057905','1=no_table.voip_message.aceb0dd734e34434.417564696f203133612e6d7033','',0,0,1,'1393250266.26',3,'',3,1,'2014-02-24 08:55:38','2014-02-24 08:55:41','2014-02-24 08:56:03','2014-02-24 08:56:03','2014-02-24 08:56:03',22,0,0,25,0,0,0,1),(11,2333,'2','','987837916','1=audio','',0,0,1,NULL,3,NULL,0,0,'2015-12-17 17:39:55','2015-12-17 17:39:58','0000-00-00 00:00:00','0000-00-00 00:00:00','0000-00-00 00:00:00',0,0,0,0,0,0,0,1),(12,2332,'2','','987837915','1=audio','',0,0,1,NULL,3,NULL,0,0,'2015-12-17 17:43:10','2015-12-17 17:43:13','0000-00-00 00:00:00','0000-00-00 00:00:00','0000-00-00 00:00:00',0,0,0,0,0,0,0,1),(13,2332,'2','','987837915','1=audio','',0,0,1,NULL,3,NULL,0,0,'2015-12-17 17:44:04','2015-12-17 17:44:07','0000-00-00 00:00:00','0000-00-00 00:00:00','0000-00-00 00:00:00',0,0,0,0,0,0,0,1),(14,2333,'2','','987837916','1=audio','',0,0,1,NULL,3,NULL,0,0,'2015-12-17 17:44:43','2015-12-17 17:44:46','0000-00-00 00:00:00','0000-00-00 00:00:00','0000-00-00 00:00:00',0,0,0,0,0,0,0,1),(15,2333,'2','','987837916','1=audio','',0,0,1,NULL,3,NULL,0,0,'2015-12-17 17:46:34','2015-12-17 17:46:37','0000-00-00 00:00:00','0000-00-00 00:00:00','0000-00-00 00:00:00',0,0,0,0,0,0,0,1),(16,2333,'2','','987837916','1=audio','',0,0,1,NULL,3,NULL,0,0,'2015-12-17 17:51:37','2015-12-17 17:51:40','0000-00-00 00:00:00','0000-00-00 00:00:00','0000-00-00 00:00:00',0,0,0,0,0,0,0,1),(17,2333,'2','','987837916','1=audio','',0,0,1,NULL,3,NULL,0,0,'2015-12-17 17:53:49','2015-12-17 17:53:52','0000-00-00 00:00:00','0000-00-00 00:00:00','0000-00-00 00:00:00',0,0,0,0,0,0,0,1),(18,2333,'2','','987837916','1=audio','',0,0,1,NULL,3,NULL,0,1,'2015-12-17 17:54:43','2015-12-17 17:54:46','0000-00-00 00:00:00','2015-12-17 23:15:58','2015-12-17 23:16:00',0,0,2,19274,0,0,16,1),(19,2336,'','','980729169','1=audio_gLpV3lK','',0,0,1,NULL,0,NULL,0,0,'2015-12-17 22:54:52','2015-12-17 22:54:54','0000-00-00 00:00:00','0000-00-00 00:00:00','0000-00-00 00:00:00',0,0,0,0,0,0,0,1),(20,2336,'2','','980729169','1=audio_gLpV3lK','',0,0,1,NULL,0,NULL,0,0,'2015-12-17 22:56:25','2015-12-17 22:56:27','0000-00-00 00:00:00','0000-00-00 00:00:00','0000-00-00 00:00:00',0,0,0,0,0,0,0,1),(21,2336,'2','','980729169','1=audio_gLpV3lK','',0,0,1,NULL,0,NULL,0,0,'2015-12-17 22:58:28','2015-12-17 22:58:30','0000-00-00 00:00:00','0000-00-00 00:00:00','0000-00-00 00:00:00',0,0,0,0,0,0,0,1),(22,2336,'2','','980729169','1=audio_gLpV3lK','',0,0,1,NULL,3,NULL,0,0,'2015-12-17 23:00:25','2015-12-17 23:00:27','0000-00-00 00:00:00','0000-00-00 00:00:00','0000-00-00 00:00:00',0,0,0,0,0,0,0,1),(23,2337,'2','','980729169','1=audio_8Mcjlud','',0,0,1,NULL,3,NULL,0,0,'2015-12-17 23:01:58','2015-12-17 23:02:00','0000-00-00 00:00:00','0000-00-00 00:00:00','0000-00-00 00:00:00',0,0,0,0,0,0,0,1),(24,2337,'2','','980729169','1=audio_8Mcjlud','',0,0,1,NULL,3,NULL,0,0,'2015-12-17 23:08:37','2015-12-17 23:08:39','0000-00-00 00:00:00','0000-00-00 00:00:00','0000-00-00 00:00:00',0,0,0,0,0,0,0,1),(25,2337,'2','','980729169','1=audio_8Mcjlud','',0,0,1,NULL,3,NULL,0,0,'2015-12-17 23:09:31','2015-12-17 23:09:33','0000-00-00 00:00:00','0000-00-00 00:00:00','0000-00-00 00:00:00',0,0,0,0,0,0,0,1),(26,2338,'2','','980729169','1=audio_QkTymE6','',0,0,1,NULL,3,NULL,0,1,'2015-12-17 23:19:17','2015-12-17 23:19:19','0000-00-00 00:00:00','2015-12-17 23:19:30','2015-12-17 23:19:32',0,0,2,13,0,0,16,1),(27,2338,'2','','980729169','1=audio_QkTymE6','',0,0,1,NULL,3,NULL,0,1,'2015-12-17 23:22:02','2015-12-17 23:22:04','0000-00-00 00:00:00','2015-12-17 23:22:21','2015-12-17 23:22:23',0,0,2,19,0,0,16,1);
/*!40000 ALTER TABLE `d_llamadas` ENABLE KEYS */;
UNLOCK TABLES;

--
-- Table structure for table `databases`
--

DROP TABLE IF EXISTS `databases`;
/*!40101 SET @saved_cs_client     = @@character_set_client */;
/*!40101 SET character_set_client = utf8 */;
CREATE TABLE `databases` (
  `id` int(100) NOT NULL AUTO_INCREMENT,
  `name` varchar(100) NOT NULL,
  PRIMARY KEY (`id`)
) ENGINE=InnoDB AUTO_INCREMENT=4 DEFAULT CHARSET=latin1;
/*!40101 SET character_set_client = @saved_cs_client */;

--
-- Dumping data for table `databases`
--

LOCK TABLES `databases` WRITE;
/*!40000 ALTER TABLE `databases` DISABLE KEYS */;
INSERT INTO `databases` VALUES (1,'beyond'),(2,'default'),(3,'tecnolink');
/*!40000 ALTER TABLE `databases` ENABLE KEYS */;
UNLOCK TABLES;

--
-- Table structure for table `django_admin_log`
--

DROP TABLE IF EXISTS `django_admin_log`;
/*!40101 SET @saved_cs_client     = @@character_set_client */;
/*!40101 SET character_set_client = utf8 */;
CREATE TABLE `django_admin_log` (
  `id` int(11) NOT NULL AUTO_INCREMENT,
  `action_time` datetime NOT NULL,
  `object_id` longtext,
  `object_repr` varchar(200) NOT NULL,
  `action_flag` smallint(5) unsigned NOT NULL,
  `change_message` longtext NOT NULL,
  `content_type_id` int(11) DEFAULT NULL,
  `user_id` int(11) NOT NULL,
  PRIMARY KEY (`id`),
  KEY `django_admin_log_417f1b1c` (`content_type_id`),
  KEY `django_admin_log_e8701ad4` (`user_id`),
  CONSTRAINT `django_admin_log_user_id_52fdd58701c5f563_fk_auth_user_id` FOREIGN KEY (`user_id`) REFERENCES `auth_user` (`id`),
  CONSTRAINT `djang_content_type_id_697914295151027a_fk_django_content_type_id` FOREIGN KEY (`content_type_id`) REFERENCES `django_content_type` (`id`)
) ENGINE=InnoDB AUTO_INCREMENT=5 DEFAULT CHARSET=latin1;
/*!40101 SET character_set_client = @saved_cs_client */;

--
-- Dumping data for table `django_admin_log`
--

LOCK TABLES `django_admin_log` WRITE;
/*!40000 ALTER TABLE `django_admin_log` DISABLE KEYS */;
INSERT INTO `django_admin_log` VALUES (1,'2015-11-16 20:06:13','3','beyond',1,'',4,1),(2,'2015-11-16 20:06:27','3','beyond',2,'Changed first_name.',4,1),(3,'2015-12-24 14:35:55','4','tecnolink',1,'',4,1),(4,'2015-12-24 14:36:06','4','tecnolink',2,'Changed first_name.',4,1);
/*!40000 ALTER TABLE `django_admin_log` ENABLE KEYS */;
UNLOCK TABLES;

--
-- Table structure for table `django_content_type`
--

DROP TABLE IF EXISTS `django_content_type`;
/*!40101 SET @saved_cs_client     = @@character_set_client */;
/*!40101 SET character_set_client = utf8 */;
CREATE TABLE `django_content_type` (
  `id` int(11) NOT NULL AUTO_INCREMENT,
  `name` varchar(100) NOT NULL,
  `app_label` varchar(100) NOT NULL,
  `model` varchar(100) NOT NULL,
  PRIMARY KEY (`id`),
  UNIQUE KEY `django_content_type_app_label_45f3b1d93ec8c61c_uniq` (`app_label`,`model`)
) ENGINE=InnoDB AUTO_INCREMENT=7 DEFAULT CHARSET=latin1;
/*!40101 SET character_set_client = @saved_cs_client */;

--
-- Dumping data for table `django_content_type`
--

LOCK TABLES `django_content_type` WRITE;
/*!40000 ALTER TABLE `django_content_type` DISABLE KEYS */;
INSERT INTO `django_content_type` VALUES (1,'log entry','admin','logentry'),(2,'permission','auth','permission'),(3,'group','auth','group'),(4,'user','auth','user'),(5,'content type','contenttypes','contenttype'),(6,'session','sessions','session');
/*!40000 ALTER TABLE `django_content_type` ENABLE KEYS */;
UNLOCK TABLES;

--
-- Table structure for table `django_migrations`
--

DROP TABLE IF EXISTS `django_migrations`;
/*!40101 SET @saved_cs_client     = @@character_set_client */;
/*!40101 SET character_set_client = utf8 */;
CREATE TABLE `django_migrations` (
  `id` int(11) NOT NULL AUTO_INCREMENT,
  `app` varchar(255) NOT NULL,
  `name` varchar(255) NOT NULL,
  `applied` datetime NOT NULL,
  PRIMARY KEY (`id`)
) ENGINE=InnoDB AUTO_INCREMENT=5 DEFAULT CHARSET=latin1;
/*!40101 SET character_set_client = @saved_cs_client */;

--
-- Dumping data for table `django_migrations`
--

LOCK TABLES `django_migrations` WRITE;
/*!40000 ALTER TABLE `django_migrations` DISABLE KEYS */;
INSERT INTO `django_migrations` VALUES (1,'contenttypes','0001_initial','2015-11-16 17:58:36'),(2,'auth','0001_initial','2015-11-16 17:58:40'),(3,'admin','0001_initial','2015-11-16 17:58:41'),(4,'sessions','0001_initial','2015-11-16 17:58:41');
/*!40000 ALTER TABLE `django_migrations` ENABLE KEYS */;
UNLOCK TABLES;

--
-- Table structure for table `django_session`
--

DROP TABLE IF EXISTS `django_session`;
/*!40101 SET @saved_cs_client     = @@character_set_client */;
/*!40101 SET character_set_client = utf8 */;
CREATE TABLE `django_session` (
  `session_key` varchar(40) NOT NULL,
  `session_data` longtext NOT NULL,
  `expire_date` datetime NOT NULL,
  PRIMARY KEY (`session_key`),
  KEY `django_session_de54fa62` (`expire_date`)
) ENGINE=InnoDB DEFAULT CHARSET=latin1;
/*!40101 SET character_set_client = @saved_cs_client */;

--
-- Dumping data for table `django_session`
--

LOCK TABLES `django_session` WRITE;
/*!40000 ALTER TABLE `django_session` DISABLE KEYS */;
INSERT INTO `django_session` VALUES ('046860n00gsv8kvqv2g5qlw004ficaxi','ZThmOTI5N2IyZDRkMTEwYzVjNGQ0OGM3YmU2MmE1MzI1N2UwMjQ0YTp7Il9hdXRoX3VzZXJfaGFzaCI6ImJiMzc5YTIxODI5NDU1MzdhYTVjMDY0YjVjZjlmMWI1Njc4YjMyZGEiLCJfYXV0aF91c2VyX2JhY2tlbmQiOiJkamFuZ28uY29udHJpYi5hdXRoLmJhY2tlbmRzLk1vZGVsQmFja2VuZCIsIl9hdXRoX3VzZXJfaWQiOjN9','2015-11-30 20:51:49'),('0ee23ecoo4zm2mo2sidda5zrmgnojq6w','ZThmOTI5N2IyZDRkMTEwYzVjNGQ0OGM3YmU2MmE1MzI1N2UwMjQ0YTp7Il9hdXRoX3VzZXJfaGFzaCI6ImJiMzc5YTIxODI5NDU1MzdhYTVjMDY0YjVjZjlmMWI1Njc4YjMyZGEiLCJfYXV0aF91c2VyX2JhY2tlbmQiOiJkamFuZ28uY29udHJpYi5hdXRoLmJhY2tlbmRzLk1vZGVsQmFja2VuZCIsIl9hdXRoX3VzZXJfaWQiOjN9','2015-11-30 20:57:09'),('0jk5sxxcfr6d0d9mlje7qzf3tbfuaijt','NWFlYTVkNjJmMzY3OTMwNTk4OGIxNDFlYjhkMjY2ZmNiMDRhY2NlOTp7Il9hdXRoX3VzZXJfaGFzaCI6IjU5YmNjNjYyZThhM2U3YjdhMGUxYTA1MDI4M2JmNzkyNWFlMTM0NjYiLCJfYXV0aF91c2VyX2JhY2tlbmQiOiJkamFuZ28uY29udHJpYi5hdXRoLmJhY2tlbmRzLk1vZGVsQmFja2VuZCIsIl9hdXRoX3VzZXJfaWQiOjF9','2015-12-01 19:26:18'),('0vu27fct0x3qlr6zpdk48euocwjeu0o5','NWFlYTVkNjJmMzY3OTMwNTk4OGIxNDFlYjhkMjY2ZmNiMDRhY2NlOTp7Il9hdXRoX3VzZXJfaGFzaCI6IjU5YmNjNjYyZThhM2U3YjdhMGUxYTA1MDI4M2JmNzkyNWFlMTM0NjYiLCJfYXV0aF91c2VyX2JhY2tlbmQiOiJkamFuZ28uY29udHJpYi5hdXRoLmJhY2tlbmRzLk1vZGVsQmFja2VuZCIsIl9hdXRoX3VzZXJfaWQiOjF9','2015-12-01 18:34:27'),('1967i7btugrpu7rmp56pinmf5oati9lr','NWFlYTVkNjJmMzY3OTMwNTk4OGIxNDFlYjhkMjY2ZmNiMDRhY2NlOTp7Il9hdXRoX3VzZXJfaGFzaCI6IjU5YmNjNjYyZThhM2U3YjdhMGUxYTA1MDI4M2JmNzkyNWFlMTM0NjYiLCJfYXV0aF91c2VyX2JhY2tlbmQiOiJkamFuZ28uY29udHJpYi5hdXRoLmJhY2tlbmRzLk1vZGVsQmFja2VuZCIsIl9hdXRoX3VzZXJfaWQiOjF9','2015-12-01 19:05:16'),('1bbhh8rwhvuqmr7g6m0z3mckgh1noydj','NWFlYTVkNjJmMzY3OTMwNTk4OGIxNDFlYjhkMjY2ZmNiMDRhY2NlOTp7Il9hdXRoX3VzZXJfaGFzaCI6IjU5YmNjNjYyZThhM2U3YjdhMGUxYTA1MDI4M2JmNzkyNWFlMTM0NjYiLCJfYXV0aF91c2VyX2JhY2tlbmQiOiJkamFuZ28uY29udHJpYi5hdXRoLmJhY2tlbmRzLk1vZGVsQmFja2VuZCIsIl9hdXRoX3VzZXJfaWQiOjF9','2015-12-01 18:37:29'),('1xsxjpwe6pfe8jx2p3l6sadmsdpuejm3','NWFlYTVkNjJmMzY3OTMwNTk4OGIxNDFlYjhkMjY2ZmNiMDRhY2NlOTp7Il9hdXRoX3VzZXJfaGFzaCI6IjU5YmNjNjYyZThhM2U3YjdhMGUxYTA1MDI4M2JmNzkyNWFlMTM0NjYiLCJfYXV0aF91c2VyX2JhY2tlbmQiOiJkamFuZ28uY29udHJpYi5hdXRoLmJhY2tlbmRzLk1vZGVsQmFja2VuZCIsIl9hdXRoX3VzZXJfaWQiOjF9','2015-12-01 19:12:35'),('21ohv5jxgv06aed05bozwcsbi2l3frtc','NWFlYTVkNjJmMzY3OTMwNTk4OGIxNDFlYjhkMjY2ZmNiMDRhY2NlOTp7Il9hdXRoX3VzZXJfaGFzaCI6IjU5YmNjNjYyZThhM2U3YjdhMGUxYTA1MDI4M2JmNzkyNWFlMTM0NjYiLCJfYXV0aF91c2VyX2JhY2tlbmQiOiJkamFuZ28uY29udHJpYi5hdXRoLmJhY2tlbmRzLk1vZGVsQmFja2VuZCIsIl9hdXRoX3VzZXJfaWQiOjF9','2015-12-01 19:26:18'),('284jt5wkb6ig96eps5m5xb3w0wv0hhgw','ZTE4MjlkYzg4NDJlZWU3MzVhYzJlMDBlODU3ODg0NjY5NjkzMDgxNTp7Il9hdXRoX3VzZXJfaGFzaCI6IjQ5ZDE4YjAwZGU4MmRhMjUxNTExMDVlN2ZmNGVmZTM2OWJmYzI0MzciLCJfYXV0aF91c2VyX2JhY2tlbmQiOiJkamFuZ28uY29udHJpYi5hdXRoLmJhY2tlbmRzLk1vZGVsQmFja2VuZCIsIl9hdXRoX3VzZXJfaWQiOjN9','2016-01-07 16:00:41'),('5p6a7o345x1iair59umvcie0yuwte3ui','NWFlYTVkNjJmMzY3OTMwNTk4OGIxNDFlYjhkMjY2ZmNiMDRhY2NlOTp7Il9hdXRoX3VzZXJfaGFzaCI6IjU5YmNjNjYyZThhM2U3YjdhMGUxYTA1MDI4M2JmNzkyNWFlMTM0NjYiLCJfYXV0aF91c2VyX2JhY2tlbmQiOiJkamFuZ28uY29udHJpYi5hdXRoLmJhY2tlbmRzLk1vZGVsQmFja2VuZCIsIl9hdXRoX3VzZXJfaWQiOjF9','2015-12-03 14:22:10'),('87jzi4ue9rsgm6wug2lxhs3m7s6ptd75','NWFlYTVkNjJmMzY3OTMwNTk4OGIxNDFlYjhkMjY2ZmNiMDRhY2NlOTp7Il9hdXRoX3VzZXJfaGFzaCI6IjU5YmNjNjYyZThhM2U3YjdhMGUxYTA1MDI4M2JmNzkyNWFlMTM0NjYiLCJfYXV0aF91c2VyX2JhY2tlbmQiOiJkamFuZ28uY29udHJpYi5hdXRoLmJhY2tlbmRzLk1vZGVsQmFja2VuZCIsIl9hdXRoX3VzZXJfaWQiOjF9','2015-12-01 19:11:44'),('8kmljq2dp1upl671uopnaq590oz40c2g','NWFlYTVkNjJmMzY3OTMwNTk4OGIxNDFlYjhkMjY2ZmNiMDRhY2NlOTp7Il9hdXRoX3VzZXJfaGFzaCI6IjU5YmNjNjYyZThhM2U3YjdhMGUxYTA1MDI4M2JmNzkyNWFlMTM0NjYiLCJfYXV0aF91c2VyX2JhY2tlbmQiOiJkamFuZ28uY29udHJpYi5hdXRoLmJhY2tlbmRzLk1vZGVsQmFja2VuZCIsIl9hdXRoX3VzZXJfaWQiOjF9','2015-12-01 18:38:09'),('919we2hc72s9p6b1te81v0bdks3woe6p','NWFlYTVkNjJmMzY3OTMwNTk4OGIxNDFlYjhkMjY2ZmNiMDRhY2NlOTp7Il9hdXRoX3VzZXJfaGFzaCI6IjU5YmNjNjYyZThhM2U3YjdhMGUxYTA1MDI4M2JmNzkyNWFlMTM0NjYiLCJfYXV0aF91c2VyX2JhY2tlbmQiOiJkamFuZ28uY29udHJpYi5hdXRoLmJhY2tlbmRzLk1vZGVsQmFja2VuZCIsIl9hdXRoX3VzZXJfaWQiOjF9','2015-12-01 19:06:54'),('abtb7ccl55c3yu1lekucqwhmezw5egl2','ZThmOTI5N2IyZDRkMTEwYzVjNGQ0OGM3YmU2MmE1MzI1N2UwMjQ0YTp7Il9hdXRoX3VzZXJfaGFzaCI6ImJiMzc5YTIxODI5NDU1MzdhYTVjMDY0YjVjZjlmMWI1Njc4YjMyZGEiLCJfYXV0aF91c2VyX2JhY2tlbmQiOiJkamFuZ28uY29udHJpYi5hdXRoLmJhY2tlbmRzLk1vZGVsQmFja2VuZCIsIl9hdXRoX3VzZXJfaWQiOjN9','2015-11-30 21:59:33'),('c4sr29fp187t1oztlgulfx9u2aa6ub8o','ZThmOTI5N2IyZDRkMTEwYzVjNGQ0OGM3YmU2MmE1MzI1N2UwMjQ0YTp7Il9hdXRoX3VzZXJfaGFzaCI6ImJiMzc5YTIxODI5NDU1MzdhYTVjMDY0YjVjZjlmMWI1Njc4YjMyZGEiLCJfYXV0aF91c2VyX2JhY2tlbmQiOiJkamFuZ28uY29udHJpYi5hdXRoLmJhY2tlbmRzLk1vZGVsQmFja2VuZCIsIl9hdXRoX3VzZXJfaWQiOjN9','2015-11-30 21:21:10'),('cdfbutze0m71lr9htxizj1nyrbo77odw','NWFlYTVkNjJmMzY3OTMwNTk4OGIxNDFlYjhkMjY2ZmNiMDRhY2NlOTp7Il9hdXRoX3VzZXJfaGFzaCI6IjU5YmNjNjYyZThhM2U3YjdhMGUxYTA1MDI4M2JmNzkyNWFlMTM0NjYiLCJfYXV0aF91c2VyX2JhY2tlbmQiOiJkamFuZ28uY29udHJpYi5hdXRoLmJhY2tlbmRzLk1vZGVsQmFja2VuZCIsIl9hdXRoX3VzZXJfaWQiOjF9','2015-12-03 22:20:25'),('geq5yget619uoe77q4y6eswekdr9ot9l','ZThmOTI5N2IyZDRkMTEwYzVjNGQ0OGM3YmU2MmE1MzI1N2UwMjQ0YTp7Il9hdXRoX3VzZXJfaGFzaCI6ImJiMzc5YTIxODI5NDU1MzdhYTVjMDY0YjVjZjlmMWI1Njc4YjMyZGEiLCJfYXV0aF91c2VyX2JhY2tlbmQiOiJkamFuZ28uY29udHJpYi5hdXRoLmJhY2tlbmRzLk1vZGVsQmFja2VuZCIsIl9hdXRoX3VzZXJfaWQiOjN9','2015-11-30 21:06:13'),('h4qkt3hqcv4a6a5itixy3mqzkcbltmvb','ZTE4MjlkYzg4NDJlZWU3MzVhYzJlMDBlODU3ODg0NjY5NjkzMDgxNTp7Il9hdXRoX3VzZXJfaGFzaCI6IjQ5ZDE4YjAwZGU4MmRhMjUxNTExMDVlN2ZmNGVmZTM2OWJmYzI0MzciLCJfYXV0aF91c2VyX2JhY2tlbmQiOiJkamFuZ28uY29udHJpYi5hdXRoLmJhY2tlbmRzLk1vZGVsQmFja2VuZCIsIl9hdXRoX3VzZXJfaWQiOjN9','2016-01-07 15:16:22'),('hs55haff8jk16sosdupt3cf38yalilki','ZThmOTI5N2IyZDRkMTEwYzVjNGQ0OGM3YmU2MmE1MzI1N2UwMjQ0YTp7Il9hdXRoX3VzZXJfaGFzaCI6ImJiMzc5YTIxODI5NDU1MzdhYTVjMDY0YjVjZjlmMWI1Njc4YjMyZGEiLCJfYXV0aF91c2VyX2JhY2tlbmQiOiJkamFuZ28uY29udHJpYi5hdXRoLmJhY2tlbmRzLk1vZGVsQmFja2VuZCIsIl9hdXRoX3VzZXJfaWQiOjN9','2015-11-30 22:07:13'),('hv25d4jrgvbxt42jyggnn4x1xo9bb046','NWFlYTVkNjJmMzY3OTMwNTk4OGIxNDFlYjhkMjY2ZmNiMDRhY2NlOTp7Il9hdXRoX3VzZXJfaGFzaCI6IjU5YmNjNjYyZThhM2U3YjdhMGUxYTA1MDI4M2JmNzkyNWFlMTM0NjYiLCJfYXV0aF91c2VyX2JhY2tlbmQiOiJkamFuZ28uY29udHJpYi5hdXRoLmJhY2tlbmRzLk1vZGVsQmFja2VuZCIsIl9hdXRoX3VzZXJfaWQiOjF9','2015-12-01 19:01:07'),('lfqui8qd0pysqb0ufeckh8fa7r1kca4a','NWFlYTVkNjJmMzY3OTMwNTk4OGIxNDFlYjhkMjY2ZmNiMDRhY2NlOTp7Il9hdXRoX3VzZXJfaGFzaCI6IjU5YmNjNjYyZThhM2U3YjdhMGUxYTA1MDI4M2JmNzkyNWFlMTM0NjYiLCJfYXV0aF91c2VyX2JhY2tlbmQiOiJkamFuZ28uY29udHJpYi5hdXRoLmJhY2tlbmRzLk1vZGVsQmFja2VuZCIsIl9hdXRoX3VzZXJfaWQiOjF9','2015-12-03 14:22:10'),('ll247zzfbgxu8a61puutn7mkg1tlwj6c','NWFlYTVkNjJmMzY3OTMwNTk4OGIxNDFlYjhkMjY2ZmNiMDRhY2NlOTp7Il9hdXRoX3VzZXJfaGFzaCI6IjU5YmNjNjYyZThhM2U3YjdhMGUxYTA1MDI4M2JmNzkyNWFlMTM0NjYiLCJfYXV0aF91c2VyX2JhY2tlbmQiOiJkamFuZ28uY29udHJpYi5hdXRoLmJhY2tlbmRzLk1vZGVsQmFja2VuZCIsIl9hdXRoX3VzZXJfaWQiOjF9','2016-01-05 20:34:04'),('lmjjvnwvfylsrxiu0k28smnofbxlz6t0','ZThmOTI5N2IyZDRkMTEwYzVjNGQ0OGM3YmU2MmE1MzI1N2UwMjQ0YTp7Il9hdXRoX3VzZXJfaGFzaCI6ImJiMzc5YTIxODI5NDU1MzdhYTVjMDY0YjVjZjlmMWI1Njc4YjMyZGEiLCJfYXV0aF91c2VyX2JhY2tlbmQiOiJkamFuZ28uY29udHJpYi5hdXRoLmJhY2tlbmRzLk1vZGVsQmFja2VuZCIsIl9hdXRoX3VzZXJfaWQiOjN9','2015-11-30 21:07:25'),('lxaywueo8o6duhuu9q2l8osz6fdiph5a','ZThmOTI5N2IyZDRkMTEwYzVjNGQ0OGM3YmU2MmE1MzI1N2UwMjQ0YTp7Il9hdXRoX3VzZXJfaGFzaCI6ImJiMzc5YTIxODI5NDU1MzdhYTVjMDY0YjVjZjlmMWI1Njc4YjMyZGEiLCJfYXV0aF91c2VyX2JhY2tlbmQiOiJkamFuZ28uY29udHJpYi5hdXRoLmJhY2tlbmRzLk1vZGVsQmFja2VuZCIsIl9hdXRoX3VzZXJfaWQiOjN9','2015-11-30 22:38:26'),('mva9w4s9ku8fdjm3nfbdqsz73g8kkmng','NWFlYTVkNjJmMzY3OTMwNTk4OGIxNDFlYjhkMjY2ZmNiMDRhY2NlOTp7Il9hdXRoX3VzZXJfaGFzaCI6IjU5YmNjNjYyZThhM2U3YjdhMGUxYTA1MDI4M2JmNzkyNWFlMTM0NjYiLCJfYXV0aF91c2VyX2JhY2tlbmQiOiJkamFuZ28uY29udHJpYi5hdXRoLmJhY2tlbmRzLk1vZGVsQmFja2VuZCIsIl9hdXRoX3VzZXJfaWQiOjF9','2015-12-01 18:59:18'),('n1j0w7zwvsco7cg6t9g0jsmypquyov1l','NWFlYTVkNjJmMzY3OTMwNTk4OGIxNDFlYjhkMjY2ZmNiMDRhY2NlOTp7Il9hdXRoX3VzZXJfaGFzaCI6IjU5YmNjNjYyZThhM2U3YjdhMGUxYTA1MDI4M2JmNzkyNWFlMTM0NjYiLCJfYXV0aF91c2VyX2JhY2tlbmQiOiJkamFuZ28uY29udHJpYi5hdXRoLmJhY2tlbmRzLk1vZGVsQmFja2VuZCIsIl9hdXRoX3VzZXJfaWQiOjF9','2015-12-01 18:51:39'),('p47jj1s3q517l4s9r5ev4vcy2uankhv2','NWFlYTVkNjJmMzY3OTMwNTk4OGIxNDFlYjhkMjY2ZmNiMDRhY2NlOTp7Il9hdXRoX3VzZXJfaGFzaCI6IjU5YmNjNjYyZThhM2U3YjdhMGUxYTA1MDI4M2JmNzkyNWFlMTM0NjYiLCJfYXV0aF91c2VyX2JhY2tlbmQiOiJkamFuZ28uY29udHJpYi5hdXRoLmJhY2tlbmRzLk1vZGVsQmFja2VuZCIsIl9hdXRoX3VzZXJfaWQiOjF9','2015-12-03 22:18:28'),('p6dvrerplzigjez7xfonmxu8kk1vsf6b','NWFlYTVkNjJmMzY3OTMwNTk4OGIxNDFlYjhkMjY2ZmNiMDRhY2NlOTp7Il9hdXRoX3VzZXJfaGFzaCI6IjU5YmNjNjYyZThhM2U3YjdhMGUxYTA1MDI4M2JmNzkyNWFlMTM0NjYiLCJfYXV0aF91c2VyX2JhY2tlbmQiOiJkamFuZ28uY29udHJpYi5hdXRoLmJhY2tlbmRzLk1vZGVsQmFja2VuZCIsIl9hdXRoX3VzZXJfaWQiOjF9','2015-12-01 18:27:34'),('poe3czms0zil3pj3m8mzpv84iwr4o3v6','NWFlYTVkNjJmMzY3OTMwNTk4OGIxNDFlYjhkMjY2ZmNiMDRhY2NlOTp7Il9hdXRoX3VzZXJfaGFzaCI6IjU5YmNjNjYyZThhM2U3YjdhMGUxYTA1MDI4M2JmNzkyNWFlMTM0NjYiLCJfYXV0aF91c2VyX2JhY2tlbmQiOiJkamFuZ28uY29udHJpYi5hdXRoLmJhY2tlbmRzLk1vZGVsQmFja2VuZCIsIl9hdXRoX3VzZXJfaWQiOjF9','2015-12-01 19:11:04'),('q91sqeacwp8ltn24yvonehf5lw1cl6vf','NWFlYTVkNjJmMzY3OTMwNTk4OGIxNDFlYjhkMjY2ZmNiMDRhY2NlOTp7Il9hdXRoX3VzZXJfaGFzaCI6IjU5YmNjNjYyZThhM2U3YjdhMGUxYTA1MDI4M2JmNzkyNWFlMTM0NjYiLCJfYXV0aF91c2VyX2JhY2tlbmQiOiJkamFuZ28uY29udHJpYi5hdXRoLmJhY2tlbmRzLk1vZGVsQmFja2VuZCIsIl9hdXRoX3VzZXJfaWQiOjF9','2015-12-01 18:38:27'),('rbby6abafhtslmsziro58yk4827z8nwf','NWFlYTVkNjJmMzY3OTMwNTk4OGIxNDFlYjhkMjY2ZmNiMDRhY2NlOTp7Il9hdXRoX3VzZXJfaGFzaCI6IjU5YmNjNjYyZThhM2U3YjdhMGUxYTA1MDI4M2JmNzkyNWFlMTM0NjYiLCJfYXV0aF91c2VyX2JhY2tlbmQiOiJkamFuZ28uY29udHJpYi5hdXRoLmJhY2tlbmRzLk1vZGVsQmFja2VuZCIsIl9hdXRoX3VzZXJfaWQiOjF9','2015-12-01 19:21:32'),('so4haofufggsuud0af9e1wcralf0bak7','NWYwN2M1NTM3OWU1MDZiNGIwOThkMGQ5NjJjOTUxNTZjYmI4ZjdkNTp7fQ==','2015-11-30 19:07:54'),('syztzzreea26h5pod0oovipo2bfwezch','NWFlYTVkNjJmMzY3OTMwNTk4OGIxNDFlYjhkMjY2ZmNiMDRhY2NlOTp7Il9hdXRoX3VzZXJfaGFzaCI6IjU5YmNjNjYyZThhM2U3YjdhMGUxYTA1MDI4M2JmNzkyNWFlMTM0NjYiLCJfYXV0aF91c2VyX2JhY2tlbmQiOiJkamFuZ28uY29udHJpYi5hdXRoLmJhY2tlbmRzLk1vZGVsQmFja2VuZCIsIl9hdXRoX3VzZXJfaWQiOjF9','2015-12-01 18:34:08'),('t7dy46v206mb5z0wrnveupydpnow5j0g','ZThmOTI5N2IyZDRkMTEwYzVjNGQ0OGM3YmU2MmE1MzI1N2UwMjQ0YTp7Il9hdXRoX3VzZXJfaGFzaCI6ImJiMzc5YTIxODI5NDU1MzdhYTVjMDY0YjVjZjlmMWI1Njc4YjMyZGEiLCJfYXV0aF91c2VyX2JhY2tlbmQiOiJkamFuZ28uY29udHJpYi5hdXRoLmJhY2tlbmRzLk1vZGVsQmFja2VuZCIsIl9hdXRoX3VzZXJfaWQiOjN9','2015-11-30 22:07:59'),('tl3jjq31lyp0dt6vlcf6gjtl7rjg4ymp','NWFlYTVkNjJmMzY3OTMwNTk4OGIxNDFlYjhkMjY2ZmNiMDRhY2NlOTp7Il9hdXRoX3VzZXJfaGFzaCI6IjU5YmNjNjYyZThhM2U3YjdhMGUxYTA1MDI4M2JmNzkyNWFlMTM0NjYiLCJfYXV0aF91c2VyX2JhY2tlbmQiOiJkamFuZ28uY29udHJpYi5hdXRoLmJhY2tlbmRzLk1vZGVsQmFja2VuZCIsIl9hdXRoX3VzZXJfaWQiOjF9','2015-12-01 19:12:10'),('u7bqk1m1x9r2g4zp8p380lkxn655ns9j','NWFlYTVkNjJmMzY3OTMwNTk4OGIxNDFlYjhkMjY2ZmNiMDRhY2NlOTp7Il9hdXRoX3VzZXJfaGFzaCI6IjU5YmNjNjYyZThhM2U3YjdhMGUxYTA1MDI4M2JmNzkyNWFlMTM0NjYiLCJfYXV0aF91c2VyX2JhY2tlbmQiOiJkamFuZ28uY29udHJpYi5hdXRoLmJhY2tlbmRzLk1vZGVsQmFja2VuZCIsIl9hdXRoX3VzZXJfaWQiOjF9','2015-12-01 17:41:53'),('uf9fliqww7ydguetn9pjehnrmi9wcn2h','NWFlYTVkNjJmMzY3OTMwNTk4OGIxNDFlYjhkMjY2ZmNiMDRhY2NlOTp7Il9hdXRoX3VzZXJfaGFzaCI6IjU5YmNjNjYyZThhM2U3YjdhMGUxYTA1MDI4M2JmNzkyNWFlMTM0NjYiLCJfYXV0aF91c2VyX2JhY2tlbmQiOiJkamFuZ28uY29udHJpYi5hdXRoLmJhY2tlbmRzLk1vZGVsQmFja2VuZCIsIl9hdXRoX3VzZXJfaWQiOjF9','2015-12-01 19:11:16'),('xap1ucbdoeaiwo4pvkskd08pp7fra9b6','NWFlYTVkNjJmMzY3OTMwNTk4OGIxNDFlYjhkMjY2ZmNiMDRhY2NlOTp7Il9hdXRoX3VzZXJfaGFzaCI6IjU5YmNjNjYyZThhM2U3YjdhMGUxYTA1MDI4M2JmNzkyNWFlMTM0NjYiLCJfYXV0aF91c2VyX2JhY2tlbmQiOiJkamFuZ28uY29udHJpYi5hdXRoLmJhY2tlbmRzLk1vZGVsQmFja2VuZCIsIl9hdXRoX3VzZXJfaWQiOjF9','2015-12-01 19:21:32'),('xctclz2blyp34nby038iuurwnwhk2jsx','NWFlYTVkNjJmMzY3OTMwNTk4OGIxNDFlYjhkMjY2ZmNiMDRhY2NlOTp7Il9hdXRoX3VzZXJfaGFzaCI6IjU5YmNjNjYyZThhM2U3YjdhMGUxYTA1MDI4M2JmNzkyNWFlMTM0NjYiLCJfYXV0aF91c2VyX2JhY2tlbmQiOiJkamFuZ28uY29udHJpYi5hdXRoLmJhY2tlbmRzLk1vZGVsQmFja2VuZCIsIl9hdXRoX3VzZXJfaWQiOjF9','2015-12-01 19:03:49'),('xgfu3xtai2yfp7ss758ikksodpk2nuv0','ZThmOTI5N2IyZDRkMTEwYzVjNGQ0OGM3YmU2MmE1MzI1N2UwMjQ0YTp7Il9hdXRoX3VzZXJfaGFzaCI6ImJiMzc5YTIxODI5NDU1MzdhYTVjMDY0YjVjZjlmMWI1Njc4YjMyZGEiLCJfYXV0aF91c2VyX2JhY2tlbmQiOiJkamFuZ28uY29udHJpYi5hdXRoLmJhY2tlbmRzLk1vZGVsQmFja2VuZCIsIl9hdXRoX3VzZXJfaWQiOjN9','2015-11-30 20:51:20'),('xt99ypaplir3svdn41jj4oqqdronkksf','NWFlYTVkNjJmMzY3OTMwNTk4OGIxNDFlYjhkMjY2ZmNiMDRhY2NlOTp7Il9hdXRoX3VzZXJfaGFzaCI6IjU5YmNjNjYyZThhM2U3YjdhMGUxYTA1MDI4M2JmNzkyNWFlMTM0NjYiLCJfYXV0aF91c2VyX2JhY2tlbmQiOiJkamFuZ28uY29udHJpYi5hdXRoLmJhY2tlbmRzLk1vZGVsQmFja2VuZCIsIl9hdXRoX3VzZXJfaWQiOjF9','2015-12-01 19:03:03'),('zegqq3g5hhq7af0spvz9yvfv09tkojhv','NWFlYTVkNjJmMzY3OTMwNTk4OGIxNDFlYjhkMjY2ZmNiMDRhY2NlOTp7Il9hdXRoX3VzZXJfaGFzaCI6IjU5YmNjNjYyZThhM2U3YjdhMGUxYTA1MDI4M2JmNzkyNWFlMTM0NjYiLCJfYXV0aF91c2VyX2JhY2tlbmQiOiJkamFuZ28uY29udHJpYi5hdXRoLmJhY2tlbmRzLk1vZGVsQmFja2VuZCIsIl9hdXRoX3VzZXJfaWQiOjF9','2015-12-01 18:39:04'),('zfha1dpoaasrl6ntqh59bog80w6aw8pa','NWFlYTVkNjJmMzY3OTMwNTk4OGIxNDFlYjhkMjY2ZmNiMDRhY2NlOTp7Il9hdXRoX3VzZXJfaGFzaCI6IjU5YmNjNjYyZThhM2U3YjdhMGUxYTA1MDI4M2JmNzkyNWFlMTM0NjYiLCJfYXV0aF91c2VyX2JhY2tlbmQiOiJkamFuZ28uY29udHJpYi5hdXRoLmJhY2tlbmRzLk1vZGVsQmFja2VuZCIsIl9hdXRoX3VzZXJfaWQiOjF9','2015-12-01 19:02:00');
/*!40000 ALTER TABLE `django_session` ENABLE KEYS */;
UNLOCK TABLES;

--
-- Table structure for table `estado`
--

DROP TABLE IF EXISTS `estado`;
/*!40101 SET @saved_cs_client     = @@character_set_client */;
/*!40101 SET character_set_client = utf8 */;
CREATE TABLE `estado` (
  `id` int(11) NOT NULL AUTO_INCREMENT,
  `nombre` varchar(100) DEFAULT NULL,
  PRIMARY KEY (`id`)
) ENGINE=InnoDB AUTO_INCREMENT=6 DEFAULT CHARSET=latin1;
/*!40101 SET character_set_client = @saved_cs_client */;

--
-- Dumping data for table `estado`
--

LOCK TABLES `estado` WRITE;
/*!40000 ALTER TABLE `estado` DISABLE KEYS */;
INSERT INTO `estado` VALUES (0,'Listo'),(1,'Enviado'),(2,'Listo'),(3,'Procesado'),(4,'Fallido'),(5,'Cancelado');
/*!40000 ALTER TABLE `estado` ENABLE KEYS */;
UNLOCK TABLES;

--
-- Table structure for table `excell`
--

DROP TABLE IF EXISTS `excell`;
/*!40101 SET @saved_cs_client     = @@character_set_client */;
/*!40101 SET character_set_client = utf8 */;
CREATE TABLE `excell` (
  `id` int(100) NOT NULL AUTO_INCREMENT,
  `file` varchar(100) DEFAULT NULL,
  PRIMARY KEY (`id`)
) ENGINE=InnoDB AUTO_INCREMENT=82 DEFAULT CHARSET=latin1;
/*!40101 SET character_set_client = @saved_cs_client */;

--
-- Dumping data for table `excell`
--

LOCK TABLES `excell` WRITE;
/*!40000 ALTER TABLE `excell` DISABLE KEYS */;
INSERT INTO `excell` VALUES (1,'Modelamiento PC_Observaciones.xlsx'),(2,'index.html'),(3,'files/detalle_perucall_2'),(4,'files/Modelamiento_PC_Observaciones.xlsx'),(5,'files/Modelamiento_PC_Observaciones_tP1UtvV.xlsx'),(6,'files/Modelamiento_PC_Observaciones.xlsx'),(7,'files/joel_OsFnxNZ_1.xlsx'),(8,'files/d_llamadas_1.xlsx'),(9,'files/d_llamadas_1_A7vFPht.xlsx'),(10,'files/d_llamadas_1_9V2Tyen.xlsx'),(11,'files/d_llamadas_1_G3VvzYf.xlsx'),(12,'files/d_llamadas_1_vovb2xJ.xlsx'),(13,'files/xiencias_QCeKN9L.xlsx'),(14,'files/xiencias_DwXtwMi.xlsx'),(15,'files/xiencias_pcD7J9U.xlsx'),(16,'xiencias.xlsx'),(17,'xiencias.xlsx'),(18,'files/xiencias_MlsWdlx.xlsx'),(19,'files/xiencias_acc4FgW.xlsx'),(20,'files/xiencias_v6JIcvi.xlsx'),(21,'files/xiencias_xqC9Y6O.xlsx'),(22,'files/xiencias_ONZZaLd.xlsx'),(23,'files/xiencias_Ahq47Rd.xlsx'),(24,'files/xiencias_xj6kE18.xlsx'),(25,'files/xiencias_MD0NnAm.xlsx'),(26,'files/xiencias_KcjCS1i.xlsx'),(27,'files/xiencias_blhmHVu.xlsx'),(28,'files/xiencias_729aJcL.xlsx'),(29,'files/xiencias_JmJG7tD.xlsx'),(30,'files/xiencias_Eiu1FDS.xlsx'),(31,'files/xiencias_62AB1LY.xlsx'),(32,'files/xiencias_bamBkKX.xlsx'),(33,'files/xiencias_posoofZ.xlsx'),(34,'files/xiencias_fr0N3Ki.xlsx'),(35,'files/xiencias_YINUBrP.xlsx'),(36,'files/xiencias_NpflXYT.xlsx'),(37,'files/xiencias_N0ppotc.xlsx'),(38,'files/xiencias_LuGBJQZ.xlsx'),(39,'files/xiencias_cd45Iu4.xlsx'),(40,'files/prueba_nueva_plataforma_UQ6v7CN.xlsx'),(41,'files/prueba_nueva_plataforma_xeyXlG3.xlsx'),(42,'files/prueba_nueva_plataforma_i06oYoY.xlsx'),(43,'files/xiencias_CbPI2wD.xlsx'),(44,'files/joel_OsFnxNZ_1_muB0WGE.xlsx'),(45,'files/xiencias_yg2eKWZ.xlsx'),(46,'files/xiencias_RTGGPqV.xlsx'),(47,'files/xiencias_7I6H2MI.xlsx'),(48,'files/xiencias_JGjjZHa.xlsx'),(49,'files/xiencias_m4xNPKy.xlsx'),(50,'files/d_llamadas_1_DcrSDIp.xlsx'),(51,'files/xiencias_B2yfpb5.xlsx'),(52,'files/xiencias_7XlceWs.xlsx'),(53,'files/d_llamadas_1_JAfQPE5.xlsx'),(54,'files/xiencias_BkyLepC.xlsx'),(55,'files/xiencias_SwYXyTR.xlsx'),(56,'files/xiencias_MOOpftp.xlsx'),(57,'files/xiencias_fKbQhm8.xlsx'),(58,'files/xiencias_Zz13e93.xlsx'),(59,'files/xiencias_cuCWdWM.xlsx'),(60,'files/xiencias_0RC2K6n.xlsx'),(61,'files/xiencias_XBi6MHP.xlsx'),(62,'files/xiencias_skcRy0O.xlsx'),(63,'files/xiencias_Q8Lv2xn.xlsx'),(64,'files/xiencias_dLqFExj.xlsx'),(65,'files/xiencias_45VHwdu.xlsx'),(66,'files/xiencias_HIR38O4.xlsx'),(67,'files/xiencias_8VkN7t1.xlsx'),(68,'files/xiencias_bKLySi6.xlsx'),(69,'files/xiencias_oC1squF.xlsx'),(70,'files/xiencias_9ekWkQB.xlsx'),(71,'files/xiencias_rJo7dZZ.xlsx'),(72,'files/xiencias_7oBDD5E.xlsx'),(73,'files/infor.xlsx'),(74,'files/xiencias.xlsx'),(75,'files/xiencias_vBpYNwu.xlsx'),(76,'files/xiencias_RMjBFPS.xlsx'),(77,'files/xiencias_rIWTff2.xlsx'),(78,'files/xiencias_iPKZjr4.xlsx'),(79,'files/audio_aQXJjC6.mp3'),(80,'files/xiencias_xlYJ4Ni.xlsx'),(81,'files/xiencias_o4XJX2y.xlsx');
/*!40000 ALTER TABLE `excell` ENABLE KEYS */;
UNLOCK TABLES;

--
-- Table structure for table `lote`
--

DROP TABLE IF EXISTS `lote`;
/*!40101 SET @saved_cs_client     = @@character_set_client */;
/*!40101 SET character_set_client = utf8 */;
CREATE TABLE `lote` (
  `id` int(100) NOT NULL AUTO_INCREMENT,
  `name` varchar(100) NOT NULL,
  `fecha` datetime NOT NULL,
  `aprobar` int(100) NOT NULL,
  PRIMARY KEY (`id`)
) ENGINE=InnoDB AUTO_INCREMENT=2 DEFAULT CHARSET=latin1;
/*!40101 SET character_set_client = @saved_cs_client */;

--
-- Dumping data for table `lote`
--

LOCK TABLES `lote` WRITE;
/*!40000 ALTER TABLE `lote` DISABLE KEYS */;
INSERT INTO `lote` VALUES (1,'carga1','0000-00-00 00:00:00',0);
/*!40000 ALTER TABLE `lote` ENABLE KEYS */;
UNLOCK TABLES;

--
-- Table structure for table `servicio`
--

DROP TABLE IF EXISTS `servicio`;
/*!40101 SET @saved_cs_client     = @@character_set_client */;
/*!40101 SET character_set_client = utf8 */;
CREATE TABLE `servicio` (
  `id` int(100) NOT NULL AUTO_INCREMENT,
  `name` varchar(100) NOT NULL,
  PRIMARY KEY (`id`)
) ENGINE=InnoDB AUTO_INCREMENT=5 DEFAULT CHARSET=latin1;
/*!40101 SET character_set_client = @saved_cs_client */;

--
-- Dumping data for table `servicio`
--

LOCK TABLES `servicio` WRITE;
/*!40000 ALTER TABLE `servicio` DISABLE KEYS */;
INSERT INTO `servicio` VALUES (1,'Blaster'),(2,'Monitoreo'),(3,'CDR'),(4,'Tasky');
/*!40000 ALTER TABLE `servicio` ENABLE KEYS */;
UNLOCK TABLES;

--
-- Table structure for table `serviciouser`
--

DROP TABLE IF EXISTS `serviciouser`;
/*!40101 SET @saved_cs_client     = @@character_set_client */;
/*!40101 SET character_set_client = utf8 */;
CREATE TABLE `serviciouser` (
  `id` int(100) NOT NULL AUTO_INCREMENT,
  `servicio` int(100) NOT NULL,
  `user` int(100) NOT NULL,
  `status` varchar(100) DEFAULT NULL,
  PRIMARY KEY (`id`),
  KEY `servicio` (`servicio`),
  KEY `user` (`user`),
  CONSTRAINT `serviciouser_ibfk_1` FOREIGN KEY (`servicio`) REFERENCES `servicio` (`id`),
  CONSTRAINT `serviciouser_ibfk_2` FOREIGN KEY (`user`) REFERENCES `auth_user` (`id`)
) ENGINE=InnoDB AUTO_INCREMENT=11 DEFAULT CHARSET=latin1;
/*!40101 SET character_set_client = @saved_cs_client */;

--
-- Dumping data for table `serviciouser`
--

LOCK TABLES `serviciouser` WRITE;
/*!40000 ALTER TABLE `serviciouser` DISABLE KEYS */;
INSERT INTO `serviciouser` VALUES (1,1,1,'1'),(2,2,1,'1'),(3,3,1,'1'),(4,1,3,'1'),(5,2,3,'0'),(6,3,3,'0'),(7,1,4,'1'),(8,2,4,'0'),(9,3,4,'0'),(10,4,4,'0');
/*!40000 ALTER TABLE `serviciouser` ENABLE KEYS */;
UNLOCK TABLES;
/*!40103 SET TIME_ZONE=@OLD_TIME_ZONE */;

/*!40101 SET SQL_MODE=@OLD_SQL_MODE */;
/*!40014 SET FOREIGN_KEY_CHECKS=@OLD_FOREIGN_KEY_CHECKS */;
/*!40014 SET UNIQUE_CHECKS=@OLD_UNIQUE_CHECKS */;
/*!40101 SET CHARACTER_SET_CLIENT=@OLD_CHARACTER_SET_CLIENT */;
/*!40101 SET CHARACTER_SET_RESULTS=@OLD_CHARACTER_SET_RESULTS */;
/*!40101 SET COLLATION_CONNECTION=@OLD_COLLATION_CONNECTION */;
/*!40111 SET SQL_NOTES=@OLD_SQL_NOTES */;

-- Dump completed on 2016-01-07 18:52:23
